"Player","Nation","Pos","Age","MP","Starts","Min","X90s","Gls","Ast","G.A","G.PK","PK","PKatt","CrdY","CrdR","xG","npxG","xAG","npxG.xAG","PrgC","PrgP","PrgR","Gls_90","Ast_90","G.A_90","G.PK_90","G.A.PK_90","xG_90","xAG_90","xG.xAG_90","npxG_90","npxG.xAG_90","Team","precio","precio_mas_alto"
"rodri","es ESP","MF",27,34,34,2931,32.6,8,9,17,8,0,0,8,1,4.1,4.1,3.9,8,76,376,55,0.25,0.28,0.52,0.25,0.52,0.12,0.12,0.24,0.12,0.24,"Manchester City",130000000,130000000
"phil foden","eng ENG","FW,MF",23,35,33,2857,31.7,19,8,27,19,0,0,2,0,10.3,10.3,8.4,18.7,93,168,269,0.6,0.25,0.85,0.6,0.85,0.33,0.26,0.59,0.33,0.59,"Manchester City",150000000,150000000
"ederson","br BRA","GK",29,33,33,2785,30.9,0,0,0,0,0,0,5,0,0,0,0.1,0.1,0,4,0,0,0,0,0,0,0,0,0,0,0,"Manchester City",35000000,70000000
"kyle walker","eng ENG","DF",33,32,30,2767,30.7,0,4,4,0,0,0,2,0,0.4,0.4,2.6,3,74,157,172,0,0.13,0.13,0,0.13,0.01,0.09,0.1,0.01,0.1,"Manchester City",13000000,50000000
"bernardo silva","pt POR","MF,FW",28,33,29,2578,28.6,6,9,15,6,0,0,8,0,3.7,3.7,7.6,11.3,140,177,260,0.21,0.31,0.52,0.21,0.52,0.13,0.27,0.4,0.13,0.4,"Manchester City",70000000,100000000
"erling haaland","no NOR","FW",23,31,29,2552,28.4,27,5,32,20,7,8,1,0,29.2,22.9,4.3,27.2,35,26,126,0.95,0.18,1.13,0.71,0.88,1.03,0.15,1.18,0.81,0.96,"Manchester City",200000000,200000000
"ruben dias","pt POR","DF",26,30,28,2559,28.4,0,0,0,0,0,0,0,0,1.4,1.4,0.3,1.7,34,173,16,0,0,0,0,0,0.05,0.01,0.06,0.05,0.06,"Manchester City",80000000,80000000
"manuel akanji","ch SUI","DF,MF",28,30,28,2511,27.9,2,0,2,2,0,0,4,1,1.9,1.9,0.5,2.4,46,148,36,0.07,0,0.07,0.07,0.07,0.07,0.02,0.09,0.07,0.09,"Manchester City",45000000,45000000
"josko gvardiol","hr CRO","DF",21,28,26,2328,25.9,4,1,5,4,0,0,3,0,3.1,3.1,1.4,4.5,63,136,115,0.15,0.04,0.19,0.15,0.19,0.12,0.06,0.18,0.12,0.18,"Manchester City",75000000,80000000
"nathan ake","nl NED","DF",28,29,24,2042,22.7,2,2,4,2,0,0,0,0,2.5,2.5,1.2,3.7,24,116,18,0.09,0.09,0.18,0.09,0.18,0.11,0.05,0.16,0.11,0.16,"Manchester City",40000000,42000000
"jeremy doku","be BEL","FW,MF",21,29,18,1595,17.7,3,8,11,3,0,0,3,0,2.5,2.5,4.6,7.1,218,57,295,0.17,0.45,0.62,0.17,0.62,0.14,0.26,0.4,0.14,0.4,"Manchester City",65000000,65000000
"mateo kovacic","hr CRO","MF",29,30,16,1551,17.2,1,0,1,1,0,0,4,0,1.3,1.3,1.6,2.9,37,100,38,0.06,0,0.06,0.06,0.06,0.07,0.09,0.17,0.07,0.17,"Manchester City",30000000,45000000
"kevin de bruyne","be BEL","MF",32,18,15,1221,13.6,4,10,14,4,0,0,2,0,2.4,2.4,11.5,14,47,111,133,0.29,0.74,1.03,0.29,1.03,0.18,0.85,1.03,0.18,1.03,"Manchester City",45000000,150000000
"john stones","eng ENG","DF,MF",29,16,12,1064,11.8,1,0,1,1,0,0,2,0,1,1,0.2,1.3,16,57,24,0.08,0,0.08,0.08,0.08,0.09,0.02,0.11,0.09,0.11,"Manchester City",38000000,60000000
"jack grealish","eng ENG","FW,MF",27,20,10,1009,11.2,3,1,4,3,0,0,6,0,2.1,2.1,2.5,4.6,87,50,146,0.27,0.09,0.36,0.27,0.36,0.19,0.22,0.41,0.19,0.41,"Manchester City",55000000,100000000
"rico lewis","eng ENG","DF,MF",18,16,8,809,9,2,0,2,2,0,0,1,0,0.6,0.6,1.1,1.8,21,33,46,0.22,0,0.22,0.22,0.22,0.07,0.12,0.19,0.07,0.19,"Manchester City",40000000,40000000
"matheus nunes","pt POR","MF",24,17,7,661,7.3,0,2,2,0,0,0,0,0,0.8,0.8,1.1,2,28,34,58,0,0.27,0.27,0,0.27,0.11,0.15,0.27,0.11,0.27,"Manchester City",40000000,55000000
"stefan ortega","de GER","GK",30,9,5,635,7.1,0,0,0,0,0,0,0,0,0,0,0,0,0,0,0,0,0,0,0,0,0,0,0,0,0,"Manchester City",9000000,9000000
"oscar bobb","no NOR","FW,MF",20,14,2,302,3.4,1,1,2,1,0,0,0,0,1.4,1.4,1.2,2.6,13,25,38,0.3,0.3,0.6,0.3,0.6,0.41,0.37,0.78,0.41,0.78,"Manchester City",25000000,25000000
"aymeric laporte","es ESP","DF",29,1,0,12,0.1,0,0,0,0,0,0,0,0,0,0,0,0,0,0,0,0,0,0,0,0,0.27,0,0.27,0.27,0.27,"Manchester City",20000000,75000000
"james mcatee","eng ENG","MF",20,1,0,1,0,0,0,0,0,0,0,0,0,0,0,0,0,0,0,0,0,0,0,0,0,0,0,0,0,0,"Manchester City",12000000,12000000
"virgil van dijk","nl NED","DF",32,36,36,3177,35.3,2,2,4,2,0,0,3,1,2.8,2.8,1.6,4.4,32,200,7,0.06,0.06,0.11,0.06,0.11,0.08,0.04,0.12,0.08,0.12,"Liverpool",30000000,100000000
"luis diaz","co COL","FW",26,37,32,2629,29.2,8,5,13,8,0,0,3,0,11.9,11.9,5.7,17.5,137,113,302,0.27,0.17,0.45,0.27,0.45,0.41,0.19,0.6,0.41,0.6,"Liverpool",80000000,80000000
"alexis mac allister","ar ARG","MF",24,33,31,2599,28.9,5,5,10,4,1,1,7,1,3.7,2.9,3.6,6.4,44,209,48,0.17,0.17,0.35,0.14,0.31,0.13,0.12,0.25,0.1,0.22,"Liverpool",75000000,75000000
"mohamed salah","eg EGY","FW",31,32,28,2534,28.2,18,10,28,13,5,7,2,0,21.2,15.5,11.8,27.3,98,147,341,0.64,0.36,0.99,0.46,0.82,0.75,0.42,1.17,0.55,0.97,"Liverpool",55000000,150000000
"alisson","br BRA","GK",30,28,28,2520,28,0,0,0,0,0,0,1,0,0,0,0,0,0,5,0,0,0,0,0,0,0,0,0,0,0,"Liverpool",28000000,90000000
"trent alexanderarnold","eng ENG","DF",24,28,25,2155,23.9,3,4,7,3,0,0,6,0,2.6,2.3,7.2,9.5,45,205,97,0.13,0.17,0.29,0.13,0.29,0.11,0.3,0.41,0.1,0.4,"Liverpool",70000000,110000000
"dominik szoboszlai","hu HUN","MF",22,33,25,2104,23.4,3,2,5,3,0,0,1,0,3.7,3.7,5.8,9.5,75,152,160,0.13,0.09,0.21,0.13,0.21,0.16,0.25,0.4,0.16,0.4,"Liverpool",75000000,75000000
"darwin nunez","uy URU","FW",24,36,22,2047,22.7,11,8,19,11,0,1,9,0,16.3,15.5,6,21.5,58,54,206,0.48,0.35,0.84,0.48,0.84,0.72,0.27,0.98,0.68,0.95,"Liverpool",65000000,70000000
"wataru endo","jp JPN","MF",30,29,20,1722,19.1,1,0,1,1,0,0,10,0,0.5,0.5,1.7,2.3,10,101,21,0.05,0,0.05,0.05,0.05,0.03,0.09,0.12,0.03,0.12,"Liverpool",13000000,13000000
"andrew robertson","sct SCO","DF",29,23,18,1693,18.8,3,2,5,3,0,0,2,0,1.9,1.9,5.4,7.3,63,140,130,0.16,0.11,0.27,0.16,0.27,0.1,0.29,0.39,0.1,0.39,"Liverpool",30000000,80000000
"joe gomez","eng ENG","DF",26,32,17,1786,19.8,0,1,1,0,0,0,5,0,0.8,0.8,1.3,2.1,44,100,105,0,0.05,0.05,0,0.05,0.04,0.07,0.1,0.04,0.1,"Liverpool",28000000,42000000
"cody gakpo","nl NED","FW,MF",24,35,17,1649,18.3,8,5,13,8,0,0,1,0,9,9,2.9,11.8,43,83,130,0.44,0.27,0.71,0.44,0.71,0.49,0.16,0.64,0.49,0.64,"Liverpool",55000000,60000000
"ibrahima konate","fr FRA","DF",24,22,17,1574,17.5,0,0,0,0,0,0,5,1,0.7,0.7,0.4,1.1,24,118,3,0,0,0,0,0,0.04,0.02,0.06,0.04,0.06,"Liverpool",45000000,45000000
"curtis jones","eng ENG","MF",22,23,14,1167,13,1,1,2,1,0,0,3,1,2.6,2.6,0.7,3.3,31,74,88,0.08,0.08,0.15,0.08,0.15,0.2,0.05,0.25,0.2,0.25,"Liverpool",35000000,35000000
"diogo jota","pt POR","FW",26,21,14,1145,12.7,10,3,13,10,0,0,3,1,5.3,5.3,3.3,8.6,54,34,111,0.79,0.24,1.02,0.79,1.02,0.42,0.26,0.68,0.42,0.68,"Liverpool",50000000,60000000
"jarell quansah","eng ENG","DF",20,17,13,1190,13.2,2,0,2,2,0,0,1,0,1,1,0.1,1.1,13,67,1,0.15,0,0.15,0.15,0.15,0.08,0.01,0.08,0.08,0.08,"Liverpool",22000000,22000000
"ryan gravenberch","nl NED","MF",21,26,12,1121,12.5,1,0,1,1,0,0,0,0,2,2,0.9,2.9,39,78,71,0.08,0,0.08,0.08,0.08,0.16,0.07,0.23,0.16,0.23,"Liverpool",40000000,40000000
"harvey elliott","eng ENG","MF,FW",20,34,11,1352,15,3,6,9,3,0,0,2,0,2.7,2.7,3.5,6.2,44,128,122,0.2,0.4,0.6,0.2,0.6,0.18,0.23,0.42,0.18,0.42,"Liverpool",35000000,35000000
"caoimhin kelleher","ie IRL","GK",24,10,10,900,10,0,0,0,0,0,0,0,0,0,0,0,0,0,1,0,0,0,0,0,0,0,0,0,0,0,"Liverpool",20000000,20000000
"conor bradley","nir NIR","DF",20,11,10,753,8.4,1,3,4,1,0,0,2,0,0.9,0.9,1.5,2.3,35,29,64,0.12,0.36,0.48,0.12,0.48,0.1,0.17,0.28,0.1,0.28,"Liverpool",15000000,15000000
"joel matip","cm CMR","DF",31,10,9,781,8.7,0,0,0,0,0,0,2,0,0.5,0.5,0.1,0.6,8,34,1,0,0,0,0,0,0.06,0.01,0.06,0.06,0.06,"Liverpool",8000000,40000000
"bobby clark","eng ENG","MF",18,5,1,89,1,0,0,0,0,0,0,0,0,0.1,0.1,0,0.1,3,3,7,0,0,0,0,0,0.14,0,0.14,0.14,0.14,"Liverpool",1000000,1000000
"stefan bajcetic","es ESP","MF",18,1,0,26,0.3,0,0,0,0,0,0,0,0,0,0,0,0,0,1,0,0,0,0,0,0,0,0,0,0,0,"Liverpool",11000000,13000000
"ben doak","sct SCO","FW",17,1,0,14,0.2,0,0,0,0,0,0,0,0,0,0,0,0,0,0,0,0,0,0,0,0,0,0,0,0,0,"Liverpool",10000000,10000000
"jayden danns","eng ENG","FW",17,2,0,9,0.1,0,0,0,0,0,0,1,0,0,0,0,0,0,1,2,0,0,0,0,0,0,0,0,0,0,"Liverpool",1000000,1000000
"owen beck","wls WAL","DF",20,1,0,8,0.1,0,0,0,0,0,0,0,0,0,0,0,0,0,0,1,0,0,0,0,0,0,0,0,0,0,"Liverpool",1250000,1250000
"thiago alcantara","es ESP","MF",32,1,0,6,0.1,0,0,0,0,0,0,0,0,0,0,0,0,0,0,0,0,0,0,0,0,0,0,0,0,0,"Liverpool",10000000,70000000
"james mcconnell","eng ENG","MF",18,3,0,4,0,0,0,0,0,0,0,0,0,0,0,0,0,0,1,0,0,0,0,0,0,0,0,0,0,0,"Liverpool",500000,500000
"kaide gordon","eng ENG","FW",18,1,0,1,0,0,0,0,0,0,0,0,0,0,0,0,0,0,1,0,0,0,0,0,0,0,0,0,0,0,"Liverpool",1200000,1500000
"william saliba","fr FRA","DF",22,38,38,3420,38,2,1,3,2,0,0,4,0,1.6,1.6,0.2,1.8,16,157,6,0.05,0.03,0.08,0.05,0.08,0.04,0.01,0.05,0.04,0.05,"Arsenal",80000000,80000000
"declan rice","eng ENG","MF",24,38,37,3225,35.8,7,8,15,7,0,0,5,0,3.3,3.3,5.3,8.6,75,278,64,0.2,0.22,0.42,0.2,0.42,0.09,0.15,0.24,0.09,0.24,"Arsenal",120000000,120000000
"martin odegaard","no NOR","MF",24,35,35,3091,34.3,8,10,18,6,2,2,2,0,7.4,5.8,9.6,15.5,91,344,202,0.23,0.29,0.52,0.17,0.47,0.22,0.28,0.5,0.17,0.45,"Arsenal",110000000,110000000
"ben white","eng ENG","DF",25,37,35,2988,33.2,4,4,8,4,0,0,8,0,1.2,1.2,3.8,5,44,192,162,0.12,0.12,0.24,0.12,0.24,0.03,0.11,0.15,0.03,0.15,"Arsenal",55000000,55000000
"bukayo saka","eng ENG","FW",21,35,35,2919,32.4,16,9,25,10,6,6,4,0,15.5,10.8,10.5,21.2,155,126,508,0.49,0.28,0.77,0.31,0.59,0.48,0.32,0.8,0.33,0.65,"Arsenal",140000000,140000000
"gabriel magalhaes","br BRA","DF",25,36,34,3044,33.8,4,0,4,4,0,0,4,0,4.3,4.3,0.7,5,13,117,8,0.12,0,0.12,0.12,0.12,0.13,0.02,0.15,0.13,0.15,"Arsenal",75000000,75000000
"david raya","es ESP","GK",27,32,32,2880,32,0,0,0,0,0,0,2,0,0,0,0,0,0,2,0,0,0,0,0,0,0,0,0,0,0,"Arsenal",35000000,35000000
"kai havertz","de GER","MF,FW",24,37,30,2634,29.3,13,7,20,12,1,1,11,0,12.3,11.6,4.4,15.9,55,99,191,0.44,0.24,0.68,0.41,0.65,0.42,0.15,0.57,0.39,0.54,"Arsenal",75000000,90000000
"gabriel martinelli","br BRA","FW",22,35,24,2019,22.4,6,4,10,6,0,0,1,0,6.8,6.8,6.1,12.9,127,65,345,0.27,0.18,0.45,0.27,0.45,0.31,0.27,0.58,0.31,0.58,"Arsenal",60000000,85000000
"oleksandr zinchenko","ua UKR","DF",26,27,20,1722,19.1,1,2,3,1,0,0,2,0,0.6,0.6,2.5,3.1,40,229,58,0.05,0.1,0.16,0.05,0.16,0.03,0.13,0.16,0.03,0.16,"Arsenal",35000000,42000000
"leandro trossard","be BEL","FW,MF",28,34,18,1649,18.3,12,1,13,12,0,0,2,0,7.9,7.9,2.8,10.7,66,76,155,0.65,0.05,0.71,0.65,0.71,0.43,0.15,0.58,0.43,0.58,"Arsenal",35000000,38000000
"gabriel jesus","br BRA","FW",26,27,17,1478,16.4,4,5,9,4,0,0,6,0,6.3,6.3,3.8,10.1,38,42,155,0.24,0.3,0.55,0.24,0.55,0.39,0.23,0.62,0.39,0.62,"Arsenal",55000000,80000000
"jakub kiwior","pl POL","DF",23,20,11,946,10.5,1,3,4,1,0,0,1,0,0.8,0.8,0.9,1.7,4,55,16,0.1,0.29,0.38,0.1,0.38,0.08,0.09,0.16,0.08,0.16,"Arsenal",30000000,30000000
"takehiro tomiyasu","jp JPN","DF",24,22,10,1149,12.8,2,1,3,2,0,0,2,1,1.5,1.5,0.4,1.9,17,72,37,0.16,0.08,0.23,0.16,0.23,0.12,0.03,0.15,0.12,0.15,"Arsenal",35000000,35000000
"jorginho","it ITA","MF",31,24,10,921,10.2,0,2,2,0,0,0,1,0,0.1,0.1,1.4,1.5,8,101,8,0,0.2,0.2,0,0.2,0.01,0.13,0.14,0.01,0.14,"Arsenal",12000000,65000000
"thomas partey","gh GHA","MF,DF",30,14,9,788,8.8,0,0,0,0,0,0,3,0,0.4,0.4,0.3,0.7,15,72,10,0,0,0,0,0,0.05,0.03,0.08,0.05,0.08,"Arsenal",18000000,50000000
"jurrien timber","nl NED","DF",22,2,1,71,0.8,0,0,0,0,0,0,2,0,0,0,0,0,0,8,5,0,0,0,0,0,0,0,0,0,0,"Arsenal",38000000,45000000
"cedric soares","pt POR","DF",31,3,0,62,0.7,0,0,0,0,0,0,0,0,0,0,0,0,0,3,6,0,0,0,0,0,0,0,0,0,0,"Arsenal",2000000,15000000
"mohamed elneny","eg EGY","MF",31,3,0,28,0.3,0,0,0,0,0,0,0,0,0.1,0.1,0,0.1,1,1,0,0,0,0,0,0,0.26,0,0.26,0.26,0.26,"Arsenal",3500000,11000000
"ethan nwaneri","eng ENG","FW",16,1,0,14,0.2,0,0,0,0,0,0,0,0,0,0,0,0,2,2,1,0,0,0,0,0,0,0.15,0.15,0,0.15,"Arsenal",12000000,12000000
"moises caicedo","ec ECU","MF",21,35,33,2866,31.8,1,3,4,1,0,0,11,0,0.4,0.4,2.6,3,27,173,27,0.03,0.09,0.13,0.03,0.13,0.01,0.08,0.09,0.01,0.09,"Chelsea",75000000,90000000
"nicolas jackson","sn SEN","FW",22,35,31,2799,31.1,14,5,19,14,0,0,10,0,18.6,18.6,4.3,22.9,70,67,200,0.45,0.16,0.61,0.45,0.61,0.6,0.14,0.74,0.6,0.74,"Chelsea",40000000,40000000
"cole palmer","eng ENG","FW,MF",21,33,29,2607,29,22,11,33,13,9,9,7,0,18.2,11.1,11.1,22.2,117,197,195,0.76,0.38,1.14,0.45,0.83,0.63,0.38,1.01,0.38,0.77,"Chelsea",90000000,90000000
"axel disasi","fr FRA","DF",25,31,29,2579,28.7,2,0,2,2,0,0,6,0,2.4,2.4,0.3,2.7,30,112,21,0.07,0,0.07,0.07,0.07,0.08,0.01,0.09,0.08,0.09,"Chelsea",35000000,42000000
"thiago silva","br BRA","DF",38,31,28,2527,28.1,3,1,4,3,0,0,4,0,0.8,0.8,1,1.8,2,102,5,0.11,0.04,0.14,0.11,0.14,0.03,0.04,0.06,0.03,0.06,"Chelsea",1000000,40000000
"enzo fernandez","ar ARG","MF",22,28,26,2209,24.5,3,2,5,2,1,2,7,0,6.2,4.6,3.4,8,52,210,54,0.12,0.08,0.2,0.08,0.16,0.25,0.14,0.39,0.19,0.33,"Chelsea",75000000,85000000
"levi colwill","eng ENG","DF",20,23,20,1797,20,1,1,2,1,0,0,2,0,1.3,1.3,1.2,2.5,23,73,27,0.05,0.05,0.1,0.05,0.1,0.06,0.06,0.12,0.06,0.12,"Chelsea",50000000,55000000
"marc cucurella","es ESP","DF",25,21,20,1782,19.8,0,2,2,0,0,0,10,0,1.1,1.1,1.1,2.2,31,50,73,0,0.1,0.1,0,0.1,0.06,0.05,0.11,0.06,0.11,"Chelsea",30000000,55000000
"malo gusto","fr FRA","DF",20,27,19,1751,19.5,0,6,6,0,0,0,7,1,0.9,0.9,4.3,5.2,78,86,135,0,0.31,0.31,0,0.31,0.05,0.22,0.27,0.05,0.27,"Chelsea",35000000,35000000
"robert sanchez","es ESP","GK",25,16,16,1433,15.9,0,0,0,0,0,0,2,0,0,0,0,0,0,1,0,0,0,0,0,0,0,0,0,0,0,"Chelsea",20000000,32000000
"benoit badiashile","fr FRA","DF",22,18,15,1338,14.9,0,1,1,0,0,0,3,0,0.3,0.3,1.5,1.8,3,46,3,0,0.07,0.07,0,0.07,0.02,0.1,0.12,0.02,0.12,"Chelsea",30000000,40000000
"noni madueke","eng ENG","FW",21,23,13,1053,11.7,5,2,7,4,1,1,2,0,2.5,1.7,2.6,4.3,76,52,136,0.43,0.17,0.6,0.34,0.51,0.21,0.23,0.44,0.14,0.37,"Chelsea",35000000,35000000
"ben chilwell","eng ENG","DF",26,13,9,756,8.4,0,1,1,0,0,0,5,0,1.2,1.2,2.2,3.4,22,25,59,0,0.12,0.12,0,0.12,0.14,0.26,0.41,0.14,0.41,"Chelsea",22000000,50000000
"reece james","eng ENG","DF",23,10,5,419,4.7,0,2,2,0,0,0,2,2,0.3,0.3,1.7,2.1,19,21,35,0,0.43,0.43,0,0.43,0.07,0.37,0.44,0.07,0.44,"Chelsea",35000000,70000000
"christopher nkunku","fr FRA","FW,MF",25,11,2,443,4.9,3,0,3,3,0,0,0,0,2.3,2.3,0.2,2.5,10,19,35,0.61,0,0.61,0.61,0.61,0.47,0.05,0.52,0.47,0.52,"Chelsea",65000000,80000000
"carney chukwuemeka","eng ENG","MF,FW",19,9,2,227,2.5,1,1,2,1,0,0,2,0,0.2,0.2,0.3,0.5,4,12,19,0.4,0.4,0.79,0.4,0.79,0.06,0.13,0.19,0.06,0.19,"Chelsea",15000000,15000000
"alfie gilchrist","eng ENG","DF",19,11,2,207,2.3,1,0,1,1,0,0,1,0,0.3,0.3,0,0.3,1,7,4,0.43,0,0.43,0.43,0.43,0.14,0,0.14,0.14,0.14,"Chelsea",5000000,5000000
"cesare casadei","it ITA","FW,MF",20,11,0,79,0.9,0,0,0,0,0,0,0,0,0,0,0.1,0.1,1,3,3,0,0,0,0,0,0,0.12,0.12,0,0.12,"Chelsea",10000000,12000000
"romeo lavia","be BEL","MF",19,1,0,33,0.4,0,0,0,0,0,0,0,0,0,0,0,0,0,1,0,0,0,0,0,0,0,0,0,0,0,"Chelsea",35000000,50000000
"deivid washington","br BRA","DF,FW",18,2,0,13,0.1,0,0,0,0,0,0,0,0,0.5,0.5,0,0.5,0,0,1,0,0,0,0,0,3.23,0,3.23,3.23,3.23,"Chelsea",9000000,9000000
"mason burstow","eng ENG","FW",19,2,0,9,0.1,0,0,0,0,0,0,0,0,0,0,0,0,0,0,1,0,0,0,0,0,0,0,0,0,0,"Chelsea",1800000,1800000
"alex matos","eng ENG","MF",18,1,0,1,0,0,0,0,0,0,0,0,0,0,0,0,0,0,0,0,0,0,0,0,0,0,0,0,0,0,"Chelsea",1200000,1200000
"jimi tauriainen","eng ENG","FW",19,1,0,1,0,0,0,0,0,0,0,0,0,0,0,0,0,0,0,0,0,0,0,0,0,0,0,0,0,0,"Chelsea",200000,200000
"bruno guimaraes","br BRA","MF",25,37,37,3263,36.3,7,8,15,7,0,0,9,0,4.8,4.8,6.4,11.2,65,283,73,0.19,0.22,0.41,0.19,0.41,0.13,0.18,0.31,0.13,0.31,"Newcastle United",85000000,85000000
"fabian schar","ch SUI","DF",31,36,35,3054,33.9,4,1,5,4,0,0,5,0,2.5,2.5,0.7,3.3,28,133,20,0.12,0.03,0.15,0.12,0.15,0.07,0.02,0.1,0.07,0.1,"Newcastle United",10000000,16000000
"anthony gordon","eng ENG","FW",22,35,34,2890,32.1,11,10,21,10,1,1,12,1,10.2,9.4,8,17.4,138,101,232,0.34,0.31,0.65,0.31,0.62,0.32,0.25,0.57,0.29,0.54,"Newcastle United",60000000,60000000
"dan burn","eng ENG","DF",31,33,32,2726,30.3,2,2,4,2,0,0,4,0,3.1,3.1,1.1,4.2,14,75,25,0.07,0.07,0.13,0.07,0.13,0.1,0.04,0.14,0.1,0.14,"Newcastle United",8000000,12000000
"sean longstaff","eng ENG","MF",25,35,30,2747,30.5,6,2,8,6,0,0,7,0,6.6,6.6,2.3,8.8,24,145,116,0.2,0.07,0.26,0.2,0.26,0.22,0.07,0.29,0.22,0.29,"Newcastle United",25000000,25000000
"alexander isak","se SWE","FW",23,30,27,2255,25.1,21,2,23,16,5,6,1,0,20.3,15.6,3.7,19.3,68,71,129,0.84,0.08,0.92,0.64,0.72,0.81,0.15,0.96,0.62,0.77,"Newcastle United",75000000,75000000
"kieran trippier","eng ENG","DF",32,28,26,2236,24.8,1,10,11,1,0,0,5,0,0.7,0.7,7.5,8.2,34,157,128,0.04,0.4,0.44,0.04,0.44,0.03,0.3,0.33,0.03,0.33,"Newcastle United",10000000,35000000
"miguel almiron","py PAR","FW",29,33,23,1937,21.5,3,1,4,3,0,0,2,0,4.5,4.5,2.6,7.2,78,78,162,0.14,0.05,0.19,0.14,0.19,0.21,0.12,0.33,0.21,0.33,"Newcastle United",20000000,35000000
"martin dubravka","sk SVK","GK",34,23,22,1985,22.1,0,0,0,0,0,0,1,0,0,0,0.1,0.1,0,0,0,0,0,0,0,0,0,0,0,0,0,"Newcastle United",1000000,7500000
"sven botman","nl NED","DF",23,17,15,1377,15.3,2,2,4,2,0,0,2,0,0.6,0.6,1,1.6,0,35,5,0.13,0.13,0.26,0.13,0.26,0.04,0.07,0.11,0.04,0.11,"Newcastle United",45000000,45000000
"nick pope","eng ENG","GK",31,15,15,1345,14.9,0,0,0,0,0,0,1,0,0,0,0,0,0,0,0,0,0,0,0,0,0,0,0,0,0,"Newcastle United",16000000,20000000
"joelinton","br BRA","MF,FW",26,20,15,1279,14.2,2,1,3,2,0,0,6,0,3.1,3.1,2.8,5.9,29,56,60,0.14,0.07,0.21,0.14,0.21,0.22,0.2,0.41,0.22,0.41,"Newcastle United",40000000,42000000
"lewis miley","eng ENG","MF",17,17,14,1202,13.4,1,3,4,1,0,0,1,0,1.2,1.2,1.7,2.9,14,53,54,0.07,0.22,0.3,0.07,0.3,0.09,0.13,0.22,0.09,0.22,"Newcastle United",22000000,22000000
"jacob murphy","eng ENG","FW,DF",28,21,14,1189,13.2,3,7,10,3,0,0,1,0,2.1,2.1,5,7.1,33,52,113,0.23,0.53,0.76,0.23,0.76,0.16,0.37,0.54,0.16,0.54,"Newcastle United",15000000,15000000
"jamaal lascelles","eng ENG","DF",29,16,13,1080,12,1,0,1,1,0,0,4,0,0.7,0.7,0.1,0.8,8,31,3,0.08,0,0.08,0.08,0.08,0.06,0.01,0.07,0.06,0.07,"Newcastle United",7000000,18000000
"callum wilson","eng ENG","FW",31,20,9,991,11,9,1,10,7,2,2,3,0,8.8,7.2,0.6,7.8,11,9,77,0.82,0.09,0.91,0.64,0.73,0.8,0.05,0.85,0.65,0.71,"Newcastle United",13000000,30000000
"emil krafth","se SWE","DF",28,17,8,913,10.1,0,0,0,0,0,0,2,0,0.2,0.2,1,1.2,12,29,33,0,0,0,0,0,0.02,0.1,0.12,0.02,0.12,"Newcastle United",2500000,5000000
"lewis hall","eng ENG","DF",18,18,8,781,8.7,1,0,1,1,0,0,2,0,0.3,0.3,0.3,0.6,19,46,27,0.12,0,0.12,0.12,0.12,0.04,0.03,0.07,0.04,0.07,"Newcastle United",22000000,22000000
"harvey barnes","eng ENG","FW,MF",25,21,7,802,8.9,5,3,8,5,0,0,2,0,3.6,3.6,3.2,6.8,45,34,79,0.56,0.34,0.9,0.56,0.9,0.4,0.36,0.76,0.4,0.76,"Newcastle United",35000000,35000000
"sandro tonali","it ITA","MF",23,8,5,438,4.9,1,0,1,1,0,0,2,0,0.7,0.7,0.6,1.3,11,19,21,0.21,0,0.21,0.21,0.21,0.13,0.13,0.26,0.13,0.26,"Newcastle United",38000000,60000000
"joe willock","eng ENG","MF",23,9,5,419,4.7,1,0,1,1,0,0,0,0,0.8,0.8,0.6,1.4,16,17,26,0.21,0,0.21,0.21,0.21,0.17,0.12,0.3,0.17,0.3,"Newcastle United",30000000,38000000
"loris karius","de GER","GK",30,1,1,90,1,0,0,0,0,0,0,0,0,0,0,0,0,0,0,0,0,0,0,0,0,0,0,0,0,0,"Newcastle United",1000000,12000000
"matt targett","eng ENG","DF",27,3,1,78,0.9,0,0,0,0,0,0,1,0,0,0,0,0,1,2,0,0,0,0,0,0,0,0.03,0.03,0,0.03,"Newcastle United",8000000,17000000
"matt ritchie","sct SCO","FW,MF",33,13,0,128,1.4,1,0,1,1,0,0,1,0,1,1,0,1,5,8,13,0.7,0,0.7,0.7,0.7,0.68,0,0.68,0.68,0.68,"Newcastle United",1000000,12000000
"ben parkinson","eng ENG","FW",18,1,0,25,0.3,0,0,0,0,0,0,0,0,0,0,0,0,0,0,0,0,0,0,0,0,0,0,0,0,0,"Newcastle United",250000,250000
"paul dummett","wls WAL","DF",31,5,0,20,0.2,0,0,0,0,0,0,0,0,0,0,0,0,1,1,0,0,0,0,0,0,0.11,0,0.11,0.11,0.11,"Newcastle United",900000,7000000
"alex murphy","ie IRL","DF,FW",19,2,0,13,0.1,0,0,0,0,0,0,0,0,0,0,0,0,0,1,0,0,0,0,0,0,0,0,0,0,0,"Newcastle United",250000,250000
"joe white","eng ENG","MF",20,4,0,13,0.1,0,0,0,0,0,0,1,0,0,0,0,0,2,3,3,0,0,0,0,0,0,0,0,0,0,"Newcastle United",300000,300000
"amadou diallo","eng ENG","MF",20,1,0,1,0,0,0,0,0,0,0,0,0,0,0,0,0,0,0,0,0,0,0,0,0,0,0,0,0,0,"Newcastle United",400000,400000
"michael ndiweni","eng ENG","FW",19,1,0,1,0,0,0,0,0,0,0,0,0,0,0,0,0,0,0,0,0,0,0,0,0,0,0,0,0,0,"Newcastle United",200000,200000
"guglielmo vicario","it ITA","GK",26,38,38,3420,38,0,0,0,0,0,0,2,0,0,0,0,0,0,3,0,0,0,0,0,0,0,0,0,0,0,"Tottenham Hotspur",35000000,35000000
"pedro porro","es ESP","DF",23,35,35,3089,34.3,3,7,10,3,0,0,3,0,2.9,2.9,7.2,10.1,57,194,158,0.09,0.2,0.29,0.09,0.29,0.09,0.21,0.3,0.09,0.3,"Tottenham Hotspur",45000000,45000000
"cristian romero","ar ARG","DF",25,33,33,2790,31,5,0,5,5,0,0,7,1,3.5,3.5,0.4,3.9,32,179,8,0.16,0,0.16,0.16,0.16,0.11,0.01,0.13,0.11,0.13,"Tottenham Hotspur",65000000,65000000
"dejan kulusevski","se SWE","FW,MF",23,36,31,2762,30.7,8,3,11,8,0,0,7,0,4.7,4.7,7.7,12.4,151,144,388,0.26,0.1,0.36,0.26,0.36,0.15,0.25,0.4,0.15,0.4,"Tottenham Hotspur",55000000,55000000
"destiny udogie","it ITA","DF",20,28,28,2391,26.6,2,3,5,2,0,0,7,1,2.4,2.4,2.2,4.6,83,155,138,0.08,0.11,0.19,0.08,0.19,0.09,0.08,0.17,0.09,0.17,"Tottenham Hotspur",45000000,45000000
"micky van de ven","nl NED","DF",22,27,27,2339,26,3,0,3,3,0,0,5,0,0.6,0.6,0,0.6,19,108,9,0.12,0,0.12,0.12,0.12,0.02,0,0.02,0.02,0.02,"Tottenham Hotspur",55000000,55000000
"pape matar sarr","sn SEN","MF",20,34,27,2069,23,3,3,6,3,0,0,9,0,3.4,3.4,2.2,5.7,43,150,90,0.13,0.13,0.26,0.13,0.26,0.15,0.1,0.25,0.15,0.25,"Tottenham Hotspur",45000000,45000000
"james maddison","eng ENG","MF",26,28,26,2135,23.7,4,9,13,4,0,0,5,0,6.4,6.4,5.9,12.4,58,224,156,0.17,0.38,0.55,0.17,0.55,0.27,0.25,0.52,0.27,0.52,"Tottenham Hotspur",70000000,70000000
"yves bissouma","ml MLI","MF",26,28,26,2068,23,0,0,0,0,0,0,10,2,1.4,1.4,0.4,1.8,43,169,13,0,0,0,0,0,0.06,0.02,0.08,0.06,0.08,"Tottenham Hotspur",35000000,35000000
"brennan johnson","wls WAL","FW",22,32,23,2085,23.2,5,10,15,5,0,0,3,0,10.3,10.3,8.1,18.3,97,72,293,0.22,0.43,0.65,0.22,0.65,0.44,0.35,0.79,0.44,0.79,"Tottenham Hotspur",48000000,48000000
"richarlison","br BRA","FW",26,28,18,1491,16.6,11,4,15,11,0,0,3,0,9.6,9.6,2.1,11.7,26,38,106,0.66,0.24,0.91,0.66,0.91,0.58,0.13,0.7,0.58,0.7,"Tottenham Hotspur",35000000,65000000
"rodrigo bentancur","uy URU","MF",26,23,13,1005,11.2,1,1,2,1,0,0,7,0,1.9,1.9,0.5,2.4,16,72,31,0.09,0.09,0.18,0.09,0.18,0.17,0.04,0.22,0.17,0.22,"Tottenham Hotspur",35000000,50000000
"ben davies","wls WAL","DF",30,17,12,1090,12.1,1,0,1,1,0,0,2,0,2.3,2.3,0.4,2.7,13,71,20,0.08,0,0.08,0.08,0.08,0.19,0.03,0.23,0.19,0.23,"Tottenham Hotspur",10000000,25000000
"timo werner","de GER","FW",27,13,10,809,9,2,3,5,2,0,0,1,0,3.7,3.7,2.7,6.4,79,41,124,0.22,0.33,0.56,0.22,0.56,0.41,0.3,0.72,0.41,0.72,"Tottenham Hotspur",17000000,80000000
"radu dragusin","ro ROU","DF",21,9,4,429,4.8,0,0,0,0,0,0,1,0,0.1,0.1,0,0.1,5,8,1,0,0,0,0,0,0.03,0,0.03,0.03,0.03,"Tottenham Hotspur",25000000,25000000
"manor solomon","il ISR","FW",24,5,2,199,2.2,0,2,2,0,0,0,1,0,0.4,0.4,0.8,1.2,17,11,44,0,0.9,0.9,0,0.9,0.19,0.38,0.56,0.19,0.56,"Tottenham Hotspur",13000000,20000000
"dane scarlett","eng ENG","FW",19,4,0,22,0.2,0,0,0,0,0,0,0,0,0,0,0,0,0,1,4,0,0,0,0,0,0,0,0,0,0,"Tottenham Hotspur",1800000,2000000
"mikey moore","eng ENG","MF",15,2,0,4,0,0,0,0,0,0,0,0,0,0,0,0,0,2,1,2,0,0,0,0,0,0,0,0,0,0,"Tottenham Hotspur",1000000,1000000
"jamie donley","eng ENG","FW",18,3,0,3,0,0,0,0,0,0,0,1,0,0,0,0,0,0,0,0,0,0,0,0,0,0,0,0,0,0,"Tottenham Hotspur",1500000,1500000
"andre onana","cm CMR","GK",27,38,38,3420,38,0,0,0,0,0,0,5,0,0,0,0.1,0.1,1,5,0,0,0,0,0,0,0,0,0,0,0,"Manchester United",35000000,45000000
"diogo dalot","pt POR","DF",24,36,35,3174,35.3,2,3,5,2,0,0,6,1,1.7,1.7,2.9,4.6,52,124,111,0.06,0.09,0.14,0.06,0.14,0.05,0.08,0.13,0.05,0.13,"Manchester United",40000000,40000000
"bruno fernandes","pt POR","MF,FW",28,35,35,3118,34.6,10,8,18,6,4,5,9,0,10,6.1,11.8,17.8,86,297,182,0.29,0.23,0.52,0.17,0.4,0.29,0.34,0.63,0.18,0.51,"Manchester United",65000000,90000000
"alejandro garnacho","ar ARG","FW",19,36,30,2565,28.5,7,4,11,7,0,0,4,0,8.4,8.3,5.1,13.4,178,62,281,0.25,0.14,0.39,0.25,0.39,0.29,0.18,0.47,0.29,0.47,"Manchester United",50000000,50000000
"marcus rashford","eng ENG","FW",25,33,26,2271,25.2,7,2,9,5,2,2,2,0,7.4,5.8,2.3,8.1,95,65,184,0.28,0.08,0.36,0.2,0.28,0.29,0.09,0.38,0.23,0.32,"Manchester United",60000000,85000000
"rasmus hojlund","dk DEN","FW",20,30,25,2158,24,10,2,12,10,0,0,2,0,7.6,7.6,1.6,9.2,36,33,111,0.42,0.08,0.5,0.42,0.5,0.32,0.07,0.38,0.32,0.38,"Manchester United",65000000,65000000
"casemiro","br BRA","MF,DF",31,25,24,1982,22,1,2,3,1,0,0,7,0,3.5,3.5,1,4.5,12,112,36,0.05,0.09,0.14,0.05,0.14,0.16,0.05,0.2,0.16,0.2,"Manchester United",15000000,80000000
"kobbie mainoo","eng ENG","MF",18,24,24,1924,21.4,3,1,4,3,0,0,3,0,0.9,0.9,0.7,1.6,25,64,36,0.14,0.05,0.19,0.14,0.19,0.04,0.03,0.07,0.04,0.07,"Manchester United",55000000,55000000
"harry maguire","eng ENG","DF",30,22,18,1653,18.4,2,2,4,2,0,0,4,0,2,2,1.2,3.3,20,73,2,0.11,0.11,0.22,0.11,0.22,0.11,0.07,0.18,0.11,0.18,"Manchester United",18000000,70000000
"raphael varane","fr FRA","DF",30,22,16,1375,15.3,1,0,1,1,0,0,2,0,1.3,1.3,0.1,1.3,16,59,2,0.07,0,0.07,0.07,0.07,0.08,0,0.09,0.08,0.09,"Manchester United",20000000,80000000
"jonny evans","nir NIR","DF",35,23,15,1392,15.5,0,1,1,0,0,0,2,0,0.1,0.1,1.2,1.2,7,37,1,0,0.06,0.06,0,0.06,0,0.08,0.08,0,0.08,"Manchester United",2000000,15000000
"antony","br BRA","FW",23,29,15,1324,14.7,1,1,2,1,0,0,5,0,3.4,3.4,2.8,6.1,53,64,149,0.07,0.07,0.14,0.07,0.14,0.23,0.19,0.42,0.23,0.42,"Manchester United",20000000,75000000
"victor lindelof","se SWE","DF",29,19,14,1328,14.8,1,1,2,1,0,0,2,0,0.8,0.8,0.3,1.1,17,40,17,0.07,0.07,0.14,0.07,0.14,0.05,0.02,0.07,0.05,0.07,"Manchester United",15000000,35000000
"christian eriksen","dk DEN","MF",31,22,12,1141,12.7,1,2,3,1,0,0,1,0,1,1,2.3,3.3,20,68,23,0.08,0.16,0.24,0.08,0.24,0.08,0.18,0.26,0.08,0.26,"Manchester United",8000000,100000000
"luke shaw","eng ENG","DF",28,12,12,959,10.7,0,0,0,0,0,0,6,0,0,0,1,1,10,45,30,0,0,0,0,0,0,0.09,0.1,0,0.1,"Manchester United",28000000,42000000
"lisandro martinez","ar ARG","DF",25,11,8,646,7.2,0,1,1,0,0,0,3,0,0,0,0.1,0.1,8,28,1,0,0.14,0.14,0,0.14,0,0.01,0.01,0,0.01,"Manchester United",50000000,50000000
"mason mount","eng ENG","MF,FW",24,14,5,516,5.7,1,0,1,1,0,0,2,0,0.4,0.4,0.3,0.7,9,21,34,0.17,0,0.17,0.17,0.17,0.07,0.06,0.13,0.07,0.13,"Manchester United",35000000,75000000
"amad diallo","ci CIV","FW,MF",21,9,3,390,4.3,1,1,2,1,0,0,1,0,0.5,0.5,1.1,1.6,11,10,31,0.23,0.23,0.46,0.23,0.46,0.12,0.24,0.36,0.12,0.36,"Manchester United",22000000,22000000
"daniel gore","eng ENG","MF",18,1,0,1,0,0,0,0,0,0,0,0,0,0,0,0,0,0,0,0,0,0,0,0,0,0,0,0,0,0,"Manchester United",900000,900000
"ollie watkins","eng ENG","FW",27,37,37,3217,35.7,19,13,32,19,0,0,4,0,16.8,16.8,7.3,24.2,62,55,214,0.53,0.36,0.9,0.53,0.9,0.47,0.21,0.68,0.47,0.68,"Aston Villa",65000000,65000000
"ezri konsa","eng ENG","DF",25,35,35,3069,34.1,1,0,1,1,0,0,5,0,2.5,2.5,0.5,3,37,136,33,0.03,0,0.03,0.03,0.03,0.07,0.02,0.09,0.07,0.09,"Aston Villa",35000000,35000000
"john mcginn","sct SCO","MF,FW",28,35,35,2999,33.3,6,4,10,6,0,0,9,1,5,5,4.6,9.6,59,189,84,0.18,0.12,0.3,0.18,0.3,0.15,0.14,0.29,0.15,0.29,"Aston Villa",30000000,32000000
"emiliano martinez","ar ARG","GK",30,34,34,3015,33.5,0,0,0,0,0,0,4,0,0,0,0,0,0,2,0,0,0,0,0,0,0,0,0,0,0,"Aston Villa",28000000,35000000
"pau torres","es ESP","DF",26,29,27,2464,27.4,2,0,2,2,0,0,1,0,1,1,0.4,1.4,42,128,16,0.07,0,0.07,0.07,0.07,0.04,0.02,0.05,0.04,0.05,"Aston Villa",45000000,50000000
"lucas digne","fr FRA","DF",30,33,27,2410,26.8,1,3,4,1,0,0,7,0,1.1,1.1,4.1,5.2,42,77,200,0.04,0.11,0.15,0.04,0.15,0.04,0.15,0.19,0.04,0.19,"Aston Villa",12000000,35000000
"moussa diaby","fr FRA","FW,MF",24,38,25,2174,24.2,6,8,14,6,0,0,1,0,7,7,6.6,13.6,94,72,183,0.25,0.33,0.58,0.25,0.58,0.29,0.27,0.56,0.29,0.56,"Aston Villa",55000000,60000000
"matty cash","pl POL","DF",25,29,23,2142,23.8,2,2,4,2,0,0,8,0,4.2,4.2,2.3,6.5,62,88,101,0.08,0.08,0.17,0.08,0.17,0.18,0.1,0.27,0.18,0.27,"Aston Villa",28000000,28000000
"leon bailey","jm JAM","MF,FW",25,35,22,2068,23,10,9,19,10,0,0,5,0,6.3,6.3,9.2,15.5,102,82,226,0.44,0.39,0.83,0.44,0.83,0.27,0.4,0.67,0.27,0.67,"Aston Villa",42000000,45000000
"diego carlos","br BRA","DF",30,27,20,1816,20.2,0,0,0,0,0,0,4,0,1.9,1.9,0.1,2,4,59,1,0,0,0,0,0,0.1,0,0.1,0.1,0.1,"Aston Villa",12000000,50000000
"boubacar kamara","fr FRA","MF",23,20,20,1652,18.4,0,1,1,0,0,0,7,1,0.1,0.1,1.3,1.4,19,83,10,0,0.05,0.05,0,0.05,0.01,0.07,0.08,0.01,0.08,"Aston Villa",38000000,38000000
"youri tielemans","be BEL","MF,FW",26,32,17,1622,18,2,6,8,2,0,0,3,0,1.3,1.3,2.6,3.9,23,128,46,0.11,0.33,0.44,0.11,0.44,0.07,0.14,0.21,0.07,0.21,"Aston Villa",30000000,55000000
"jacob ramsey","eng ENG","FW,MF",22,16,8,853,9.5,1,1,2,1,0,0,2,0,2.2,2.2,1,3.2,33,28,69,0.11,0.11,0.21,0.11,0.21,0.23,0.11,0.34,0.23,0.34,"Aston Villa",32000000,42000000
"morgan rogers","eng ENG","MF,FW",21,11,8,638,7.1,3,1,4,3,0,0,3,0,1.4,1.4,0.6,2,22,28,30,0.42,0.14,0.56,0.42,0.56,0.19,0.09,0.28,0.19,0.28,"Aston Villa",22000000,22000000
"robin olsen","se SWE","GK",33,5,4,405,4.5,0,0,0,0,0,0,0,0,0,0,0,0,0,0,0,0,0,0,0,0,0,0,0,0,0,"Aston Villa",1500000,10000000
"jhon duran","co COL","FW,MF",19,23,3,475,5.3,5,0,5,5,0,0,5,0,2,2,0.3,2.3,9,9,25,0.95,0,0.95,0.95,0.95,0.38,0.06,0.44,0.38,0.44,"Aston Villa",35000000,35000000
"calum chambers","eng ENG","MF,DF",28,5,1,152,1.7,0,1,1,0,0,0,1,0,0,0,0.1,0.1,0,5,1,0,0.59,0.59,0,0.59,0,0.06,0.06,0,0.06,"Aston Villa",4000000,18000000
"tyrone mings","eng ENG","DF",30,1,1,30,0.3,0,0,0,0,0,0,0,0,0,0,0,0,0,0,0,0,0,0,0,0,0.02,0.07,0.09,0.02,0.09,"Aston Villa",10000000,32000000
"omari kellyman","eng ENG","FW",17,2,0,37,0.4,0,0,0,0,0,0,0,0,0.1,0.1,0,0.1,1,0,0,0,0,0,0,0,0.17,0,0.17,0.17,0.17,"Aston Villa",1000000,1000000
"philippe coutinho","br BRA","MF,FW",31,2,0,25,0.3,0,0,0,0,0,0,0,0,0.1,0.1,0,0.1,5,5,2,0,0,0,0,0,0.52,0,0.52,0.52,0.52,"Aston Villa",7500000,150000000
"kaine keslerhayden","eng ENG","MF,DF",20,3,0,6,0.1,0,0,0,0,0,0,0,0,0,0,0,0,0,0,0,0,0,0,0,0,0,0,0,0,0,"Aston Villa",2200000,2200000
"finley munroe","eng ENG","MF",18,1,0,4,0,0,0,0,0,0,0,0,0,0,0,0,0,0,0,0,0,0,0,0,0,0,0,0,0,0,"Aston Villa",100000,100000
"vladimir coufal","cz CZE","DF",30,36,36,3132,34.8,0,7,7,0,0,0,7,1,0.3,0.3,4,4.3,68,119,126,0,0.2,0.2,0,0.2,0.01,0.11,0.12,0.01,0.12,"West Ham United",8000000,12000000
"jarrod bowen","eng ENG","FW",26,34,34,3019,33.5,16,6,22,16,0,0,2,0,11.6,11.6,5.5,17.2,90,52,186,0.48,0.18,0.66,0.48,0.66,0.35,0.16,0.51,0.35,0.51,"West Ham United",50000000,50000000
"tomas soucek","cz CZE","MF",28,37,34,2870,31.9,7,2,9,7,0,0,7,0,6.7,6.7,1.7,8.4,7,86,39,0.22,0.06,0.28,0.22,0.28,0.21,0.05,0.26,0.21,0.26,"West Ham United",30000000,45000000
"kurt zouma","fr FRA","DF",28,33,32,2838,31.5,3,0,3,3,0,0,3,0,1.8,1.8,0.2,2,7,53,1,0.1,0,0.1,0.1,0.1,0.06,0.01,0.06,0.06,0.06,"West Ham United",25000000,35000000
"alphonse areola","fr FRA","GK",30,31,31,2699,30,0,0,0,0,0,0,1,0,0,0,0,0,0,1,0,0,0,0,0,0,0,0,0,0,0,"West Ham United",10000000,17500000
"lucas paqueta","br BRA","FW,MF",25,31,31,2622,29.1,4,6,10,2,2,2,10,0,5.4,3.8,5.4,9.2,34,187,116,0.14,0.21,0.34,0.07,0.27,0.18,0.18,0.37,0.13,0.32,"West Ham United",55000000,65000000
"edson alvarez","mx MEX","MF",25,31,28,2377,26.4,1,1,2,1,0,0,11,0,1.3,1.3,0.6,1.9,20,91,26,0.04,0.04,0.08,0.04,0.08,0.05,0.02,0.07,0.05,0.07,"West Ham United",35000000,35000000
"mohammed kudus","gh GHA","FW,MF",22,33,27,2484,27.6,8,6,14,8,0,0,6,0,5.1,5.1,3.5,8.6,117,80,216,0.29,0.22,0.51,0.29,0.51,0.19,0.13,0.31,0.19,0.31,"West Ham United",50000000,50000000
"michail antonio","jm JAM","FW",33,26,21,1695,18.8,6,2,8,6,0,0,6,0,5.8,5.8,0.9,6.7,48,22,104,0.32,0.11,0.42,0.32,0.42,0.31,0.05,0.35,0.31,0.35,"West Ham United",4000000,18000000
"konstantinos mavropanos","gr GRE","DF",25,19,16,1500,16.7,1,0,1,1,0,0,2,0,1.2,1.2,0.2,1.4,10,38,2,0.06,0,0.06,0.06,0.06,0.07,0.01,0.08,0.07,0.08,"West Ham United",20000000,20000000
"lukasz fabianski","pl POL","GK",38,10,7,721,8,0,0,0,0,0,0,0,0,0,0,0,0,0,1,0,0,0,0,0,0,0,0,0,0,0,"West Ham United",700000,9000000
"angelo ogbonna","it ITA","DF",35,11,7,635,7.1,0,0,0,0,0,0,1,0,0,0,0,0,2,4,0,0,0,0,0,0,0.01,0,0.01,0.01,0.01,"West Ham United",700000,13000000
"aaron cresswell","eng ENG","DF,FW",33,11,4,436,4.8,0,0,0,0,0,0,1,0,0,0,0.4,0.4,4,26,6,0,0,0,0,0,0,0.09,0.09,0,0.09,"West Ham United",900000,12000000
"danny ings","eng ENG","FW",31,20,3,404,4.5,1,0,1,1,0,0,1,0,1.3,1.3,0.3,1.5,7,8,29,0.22,0,0.22,0.22,0.22,0.28,0.06,0.34,0.28,0.34,"West Ham United",8000000,22000000
"divin mubama","eng ENG","FW",18,5,0,80,0.9,0,0,0,0,0,0,0,0,0.1,0.1,0,0.1,0,0,5,0,0,0,0,0,0.17,0,0.17,0.17,0.17,"West Ham United",1000000,1000000
"george earthy","eng ENG","FW",18,3,0,34,0.4,1,0,1,1,0,0,0,0,0.3,0.3,0,0.3,0,1,3,2.65,0,2.65,2.65,2.65,0.82,0,0.82,0.82,0.82,"West Ham United",1000000,1000000
"kaelan casey","eng ENG","DF",18,1,0,1,0,0,0,0,0,0,0,0,0,0,0,0,0,0,0,0,0,0,0,0,0,0,0,0,0,0,"West Ham United",1000000,1000000
"tyrick mitchell","eng ENG","DF,MF",23,37,37,3204,35.6,2,3,5,2,0,0,6,0,1.6,1.6,2.8,4.4,32,94,159,0.06,0.08,0.14,0.06,0.14,0.04,0.08,0.12,0.04,0.12,"Crystal Palace",25000000,28000000
"jefferson lerma","co COL","MF,DF",28,28,27,2400,26.7,1,1,2,1,0,0,8,0,2.7,2.7,2.2,4.8,14,106,51,0.04,0.04,0.07,0.04,0.07,0.1,0.08,0.18,0.1,0.18,"Crystal Palace",18000000,25000000
"jeanphilippe mateta","fr FRA","FW",26,35,25,2282,25.4,16,5,21,14,2,2,3,0,10.9,9.4,3.1,12.5,29,25,135,0.63,0.2,0.83,0.55,0.75,0.43,0.12,0.56,0.37,0.49,"Crystal Palace",20000000,22000000
"eberechi eze","eng ENG","MF,FW",25,27,24,2055,22.8,11,4,15,10,1,1,3,0,9.1,8.3,5.2,13.5,68,93,139,0.48,0.18,0.66,0.44,0.61,0.4,0.23,0.62,0.36,0.59,"Crystal Palace",60000000,60000000
"chris richards","us USA","DF,MF",23,26,23,2094,23.3,1,1,2,1,0,0,3,0,0.6,0.6,0.4,1,1,43,1,0.04,0.04,0.09,0.04,0.09,0.03,0.02,0.04,0.03,0.04,"Crystal Palace",12000000,12000000
"marc guehi","eng ENG","DF",23,25,23,2021,22.5,0,1,1,0,0,0,2,0,0.6,0.6,0.6,1.2,15,67,7,0,0.04,0.04,0,0.04,0.03,0.03,0.05,0.03,0.05,"Crystal Palace",45000000,45000000
"joel ward","eng ENG","DF",33,26,23,1980,22,0,1,1,0,0,0,4,0,0.9,0.9,0.2,1.1,16,66,14,0,0.05,0.05,0,0.05,0.04,0.01,0.05,0.04,0.05,"Crystal Palace",1000000,5000000
"will hughes","eng ENG","MF",28,30,23,1891,21,0,1,1,0,0,0,6,0,0.3,0.3,1.1,1.5,14,76,17,0,0.05,0.05,0,0.05,0.02,0.05,0.07,0.02,0.07,"Crystal Palace",9000000,18000000
"dean henderson","eng ENG","GK",26,18,18,1620,18,0,0,0,0,0,0,2,0,0,0,0,0,0,0,0,0,0,0,0,0,0,0,0,0,0,"Crystal Palace",12000000,22000000
"jeffrey schlupp","gh GHA","FW,MF",30,29,17,1352,15,2,2,4,2,0,0,1,0,1.8,1.8,2.3,4.1,20,33,52,0.13,0.13,0.27,0.13,0.27,0.12,0.15,0.27,0.12,0.27,"Crystal Palace",7000000,12000000
"daniel munoz","co COL","DF,MF",27,16,16,1439,16,0,4,4,0,0,0,4,0,1.2,1.2,2.4,3.7,25,38,80,0,0.25,0.25,0,0.25,0.08,0.15,0.23,0.08,0.23,"Crystal Palace",23000000,23000000
"adam wharton","eng ENG","MF",19,16,15,1297,14.4,0,3,3,0,0,0,2,0,0.3,0.3,2.4,2.8,14,79,10,0,0.21,0.21,0,0.21,0.02,0.17,0.19,0.02,0.19,"Crystal Palace",30000000,30000000
"nathaniel clyne","eng ENG","DF",32,19,14,1338,14.9,0,0,0,0,0,0,0,0,0.2,0.2,0.2,0.4,10,33,18,0,0,0,0,0,0.01,0.01,0.03,0.01,0.03,"Crystal Palace",1500000,21000000
"cheick doucoure","ml MLI","MF",23,11,11,919,10.2,0,0,0,0,0,0,2,0,0.3,0.3,0.7,1,9,49,5,0,0,0,0,0,0.03,0.07,0.1,0.03,0.1,"Crystal Palace",35000000,35000000
"matheus franca","br BRA","MF,FW",19,10,1,232,2.6,0,1,1,0,0,0,1,0,0.4,0.4,0.9,1.2,12,8,12,0,0.39,0.39,0,0.39,0.14,0.34,0.48,0.14,0.48,"Crystal Palace",15000000,15000000
"david ozoh","eng ENG","MF,DF",18,9,0,156,1.7,0,0,0,0,0,0,1,0,0,0,0,0,2,4,3,0,0,0,0,0,0,0,0,0,0,"Crystal Palace",700000,700000
"james tomkins","eng ENG","DF",34,4,0,10,0.1,0,0,0,0,0,0,0,0,0,0,0,0,0,1,0,0,0,0,0,0,0,0,0,0,0,"Crystal Palace",700000,8000000
"remi matthews","eng ENG","GK",29,1,0,4,0,0,0,0,0,0,0,0,0,0,0,0,0,0,0,0,0,0,0,0,0,0,0,0,0,0,"Crystal Palace",500000,500000
"bernd leno","de GER","GK",31,38,38,3420,38,0,0,0,0,0,0,3,0,0,0,0,0,0,0,0,0,0,0,0,0,0,0,0,0,0,"Fulham",13000000,35000000
"antonee robinson","us USA","DF",25,37,37,3265,36.3,0,6,6,0,0,0,6,0,0.7,0.7,4.2,4.8,99,129,194,0,0.17,0.17,0,0.17,0.02,0.11,0.13,0.02,0.13,"Fulham",25000000,25000000
"andreas pereira","br BRA","MF",27,37,34,2613,29,3,7,10,3,0,0,6,0,4.6,4.6,7.1,11.7,56,138,125,0.1,0.24,0.34,0.1,0.34,0.16,0.24,0.4,0.16,0.4,"Fulham",20000000,20000000
"timothy castagne","be BEL","DF",27,34,29,2634,29.3,1,3,4,1,0,0,3,0,1.6,1.6,1.9,3.5,48,77,113,0.03,0.1,0.14,0.03,0.14,0.06,0.07,0.12,0.06,0.12,"Fulham",17000000,28000000
"calvin bassey","ng NGA","DF",23,29,25,2303,25.6,1,0,1,1,0,0,6,1,0.3,0.3,0,0.4,15,62,4,0.04,0,0.04,0.04,0.04,0.01,0,0.01,0.01,0.01,"Fulham",16000000,18000000
"alex iwobi","ng NGA","FW,MF",27,30,25,2192,24.4,5,2,7,5,0,0,2,0,5.3,5.3,4.7,10,109,147,175,0.21,0.08,0.29,0.21,0.29,0.22,0.19,0.41,0.22,0.41,"Fulham",25000000,32000000
"rodrigo muniz","br BRA","FW",22,26,18,1593,17.7,9,1,10,9,0,0,1,0,8.7,8.7,2,10.7,8,19,76,0.51,0.06,0.56,0.51,0.56,0.49,0.12,0.61,0.49,0.61,"Fulham",20000000,20000000
"raul jimenez","mx MEX","FW",32,24,18,1395,15.5,7,0,7,7,0,0,3,1,5.2,5.2,1.5,6.6,11,24,87,0.45,0,0.45,0.45,0.45,0.33,0.1,0.43,0.33,0.43,"Fulham",5000000,50000000
"tim ream","us USA","DF",35,18,17,1503,16.7,1,0,1,1,0,0,4,1,1,1,0,1,11,65,3,0.06,0,0.06,0.06,0.06,0.06,0,0.06,0.06,0.06,"Fulham",800000,4000000
"harry wilson","wls WAL","FW",26,35,16,1620,18,4,6,10,4,0,0,6,0,3.4,3.4,3.5,6.8,41,60,130,0.22,0.33,0.56,0.22,0.56,0.19,0.19,0.38,0.19,0.38,"Fulham",17000000,25000000
"issa diop","fr FRA","DF",26,18,16,1424,15.8,0,0,0,0,0,0,4,1,0.3,0.3,0,0.3,11,66,1,0,0,0,0,0,0.02,0,0.02,0.02,0.02,"Fulham",20000000,35000000
"harrison reed","eng ENG","MF",28,27,15,1325,14.7,0,2,2,0,0,0,6,0,0.3,0.3,1.1,1.4,10,56,40,0,0.14,0.14,0,0.14,0.02,0.07,0.09,0.02,0.09,"Fulham",13000000,18000000
"tom cairney","sct SCO","MF",32,34,14,1488,16.5,1,4,5,1,0,0,3,0,1.1,1.1,2.3,3.4,35,145,72,0.06,0.24,0.3,0.06,0.3,0.07,0.14,0.2,0.07,0.2,"Fulham",2000000,18000000
"sasa lukic","rs SRB","MF",26,24,13,1122,12.5,1,0,1,1,0,0,3,0,1.6,1.6,0.8,2.4,12,43,27,0.08,0,0.08,0.08,0.08,0.13,0.06,0.19,0.13,0.19,"Fulham",10000000,15000000
"kenny tete","nl NED","DF",27,14,10,867,9.6,1,0,1,1,0,0,2,0,0.9,0.9,0.4,1.2,20,54,38,0.1,0,0.1,0.1,0.1,0.09,0.04,0.13,0.09,0.13,"Fulham",15000000,15000000
"carlos vinicius","br BRA","FW",28,13,2,315,3.5,2,0,2,2,0,0,2,0,1.6,1.6,0.8,2.4,3,3,13,0.57,0,0.57,0.57,0.57,0.46,0.23,0.69,0.46,0.69,"Fulham",4000000,20000000
"adama traore","es ESP","FW,MF",27,17,1,377,4.2,2,3,5,2,0,0,2,0,1.5,1.5,0.7,2.2,29,16,48,0.48,0.72,1.19,0.48,1.19,0.36,0.17,0.53,0.36,0.53,"Fulham",9000000,40000000
"luke harris","wls WAL","MF",18,1,0,75,0.8,0,0,0,0,0,0,0,0,0.3,0.3,0,0.3,0,1,0,0,0,0,0,0,0.33,0,0.33,0.33,0.33,"Fulham",1000000,1000000
"fode ballotoure","sn SEN","DF,MF",26,6,0,71,0.8,0,0,0,0,0,0,1,0,0,0,0,0,5,0,4,0,0,0,0,0,0,0,0,0,0,"Fulham",3000000,12000000
"aleksandar mitrovic","rs SRB","FW",28,1,0,33,0.4,0,0,0,0,0,0,0,0,0.2,0.2,0,0.2,0,1,0,0,0,0,0,0,0.44,0,0.44,0.44,0.44,"Fulham",28000000,28000000
"jordan pickford","eng ENG","GK",29,38,38,3420,38,0,0,0,0,0,0,5,0,0,0,0.1,0.1,1,6,0,0,0,0,0,0,0,0,0,0,0,"Everton",22000000,40000000
"james tarkowski","eng ENG","DF",30,38,38,3419,38,1,1,2,1,0,0,11,0,2.6,2.6,2.5,5.1,15,130,20,0.03,0.03,0.05,0.03,0.05,0.07,0.06,0.13,0.07,0.13,"Everton",13000000,28000000
"jarrad branthwaite","eng ENG","DF",21,35,35,3116,34.6,3,0,3,3,0,0,8,0,1.7,1.7,1,2.8,2,74,6,0.09,0,0.09,0.09,0.09,0.05,0.03,0.08,0.05,0.08,"Everton",42000000,42000000
"james garner","eng ENG","MF",22,37,34,3004,33.4,1,2,3,1,0,0,7,0,2.7,2.7,4.6,7.3,36,100,76,0.03,0.06,0.09,0.03,0.09,0.08,0.14,0.22,0.08,0.22,"Everton",22000000,22000000
"dwight mcneil","eng ENG","MF,FW",23,35,33,2892,32.1,3,6,9,3,0,0,2,0,3.4,3.4,8.8,12.2,80,114,147,0.09,0.19,0.28,0.09,0.28,0.11,0.27,0.38,0.11,0.38,"Everton",22000000,25000000
"abdoulaye doucoure","ml MLI","FW,MF",30,32,32,2629,29.2,7,1,8,7,0,0,7,0,8.8,8.8,2.9,11.6,55,97,140,0.24,0.03,0.27,0.24,0.27,0.3,0.1,0.4,0.3,0.4,"Everton",10000000,25000000
"vitaliy mykolenko","ua UKR","DF",24,28,28,2469,27.4,2,0,2,2,0,0,1,0,1.5,1.5,0.9,2.4,14,55,68,0.07,0,0.07,0.07,0.07,0.06,0.03,0.09,0.06,0.09,"Everton",28000000,28000000
"ashley young","eng ENG","DF,MF",38,31,27,2280,25.3,0,0,0,0,0,0,7,1,0.6,0.6,1.5,2.1,40,82,61,0,0,0,0,0,0.02,0.06,0.08,0.02,0.08,"Everton",500000,27000000
"dominic calvertlewin","eng ENG","FW",26,32,26,2171,24.1,7,2,9,5,2,2,2,0,12.9,11.4,3.1,14.5,36,31,122,0.29,0.08,0.37,0.21,0.29,0.54,0.13,0.66,0.47,0.6,"Everton",22000000,45000000
"jack harrison","eng ENG","MF,FW",26,29,25,2214,24.6,3,3,6,3,0,0,1,0,3.6,3.6,3.4,7,65,62,135,0.12,0.12,0.24,0.12,0.24,0.14,0.14,0.28,0.14,0.28,"Everton",18000000,28000000
"nathan patterson","sct SCO","DF",21,20,9,1005,11.2,0,2,2,0,0,0,4,0,0.3,0.3,1.7,2,17,38,39,0,0.18,0.18,0,0.18,0.03,0.15,0.18,0.03,0.18,"Everton",15000000,16000000
"beto","gw GNB","FW",25,30,9,951,10.6,3,0,3,3,0,1,2,0,6.8,6,0.9,6.9,14,14,58,0.28,0,0.28,0.28,0.28,0.64,0.09,0.73,0.57,0.66,"Everton",20000000,25000000
"seamus coleman","ie IRL","DF",34,12,7,665,7.4,0,0,0,0,0,0,0,0,0,0,1,1,5,22,16,0,0,0,0,0,0,0.14,0.14,0,0.14,"Everton",500000,19000000
"michael keane","eng ENG","DF",30,9,4,439,4.9,1,0,1,1,0,0,2,0,0.7,0.7,0,0.7,4,14,3,0.21,0,0.21,0.21,0.21,0.14,0,0.14,0.14,0.14,"Everton",6000000,30000000
"lewis dobbin","eng ENG","MF",20,12,1,232,2.6,1,0,1,1,0,0,1,0,0.3,0.3,0.5,0.8,6,3,20,0.39,0,0.39,0.39,0.39,0.11,0.19,0.3,0.11,0.3,"Everton",2500000,2500000
"tyler onyango","eng ENG","MF",20,1,0,1,0,0,0,0,0,0,0,0,0,0,0,0,0,0,0,0,0,0,0,0,0,0,0,0,0,0,"Everton",500000,500000
"lewis warrington","eng ENG","FW",20,1,0,1,0,0,0,0,0,0,0,0,0,0,0,0,0,0,0,0,0,0,0,0,0,0,0,0,0,0,"Everton",500000,500000
"lewis dunk","eng ENG","DF",31,33,33,2869,31.9,3,1,4,3,0,0,7,1,3.1,3.1,0.9,4,33,152,13,0.09,0.03,0.13,0.09,0.13,0.1,0.03,0.12,0.1,0.12,"Brighton",12000000,27000000
"jan paul van hecke","nl NED","DF",23,28,26,2369,26.3,0,0,0,0,0,0,4,0,1.2,1.2,0.9,2.1,25,147,7,0,0,0,0,0,0.05,0.03,0.08,0.05,0.08,"Brighton",22000000,22000000
"simon adingra","ci CIV","FW",21,31,25,2222,24.7,6,1,7,6,0,0,3,0,4.3,4.3,3.7,8,111,50,278,0.24,0.04,0.28,0.24,0.28,0.17,0.15,0.32,0.17,0.32,"Brighton",30000000,30000000
"bart verbruggen","nl NED","GK",20,21,21,1890,21,0,0,0,0,0,0,3,0,0,0,0,0,0,3,0,0,0,0,0,0,0,0,0,0,0,"Brighton",22000000,22000000
"danny welbeck","eng ENG","FW,MF",32,29,21,1693,18.8,5,1,6,5,0,0,4,0,5.3,5.3,1.7,7,32,44,100,0.27,0.05,0.32,0.27,0.32,0.28,0.09,0.37,0.28,0.37,"Brighton",5000000,18000000
"joao pedro","br BRA","FW,MF",21,31,19,2045,22.7,9,3,12,5,4,5,2,0,11.9,7.9,3.8,11.7,83,92,205,0.4,0.13,0.53,0.22,0.35,0.53,0.17,0.69,0.35,0.51,"Brighton",50000000,50000000
"igor","br BRA","DF",25,24,17,1637,18.2,0,0,0,0,0,0,4,0,0.3,0.3,0.7,1,30,107,12,0,0,0,0,0,0.02,0.04,0.05,0.02,0.05,"Brighton",17000000,17000000
"joel veltman","nl NED","DF",31,27,17,1588,17.6,1,1,2,1,0,0,4,0,0.4,0.4,0.5,0.9,24,85,54,0.06,0.06,0.11,0.06,0.11,0.02,0.03,0.05,0.02,0.05,"Brighton",8000000,10000000
"jason steele","eng ENG","GK",32,17,17,1530,17,0,0,0,0,0,0,0,0,0,0,0,0,0,0,0,0,0,0,0,0,0,0,0,0,0,"Brighton",3500000,4000000
"kaoru mitoma","jp JPN","FW",26,19,15,1486,16.5,3,4,7,3,0,0,4,0,3.5,3.5,2.7,6.2,121,64,239,0.18,0.24,0.42,0.18,0.42,0.21,0.16,0.37,0.21,0.37,"Brighton",45000000,50000000
"evan ferguson","ie IRL","FW",18,27,15,1367,15.2,6,0,6,6,0,0,1,0,4.6,4.6,0.5,5.1,13,15,62,0.4,0,0.4,0.4,0.4,0.3,0.04,0.34,0.3,0.34,"Brighton",45000000,65000000
"carlos baleba","cm CMR","MF",19,27,15,1325,14.7,0,0,0,0,0,0,7,0,0.8,0.8,0.3,1.1,19,50,9,0,0,0,0,0,0.06,0.02,0.08,0.06,0.08,"Brighton",22000000,22000000
"pervis estupinan","ec ECU","DF",25,19,15,1243,13.8,2,3,5,2,0,0,4,0,1,1,3.5,4.4,47,83,88,0.14,0.22,0.36,0.14,0.36,0.07,0.25,0.32,0.07,0.32,"Brighton",30000000,35000000
"adam webster","eng ENG","DF",28,15,13,1144,12.7,0,0,0,0,0,0,2,0,0.4,0.4,0.1,0.6,16,80,2,0,0,0,0,0,0.03,0.01,0.05,0.03,0.05,"Brighton",15000000,25000000
"james milner","eng ENG","DF,MF",37,15,11,773,8.6,0,2,2,0,0,0,3,0,0.3,0.3,1.8,2,11,69,73,0,0.23,0.23,0,0.23,0.03,0.21,0.24,0.03,0.24,"Brighton",1000000,21000000
"tariq lamptey","gh GHA","DF,FW",22,19,10,914,10.2,0,3,3,0,0,0,3,0,0.4,0.4,1.2,1.7,39,17,64,0,0.3,0.3,0,0.3,0.04,0.12,0.16,0.04,0.16,"Brighton",12000000,18000000
"jack hinshelwood","eng ENG","DF",18,12,8,869,9.7,3,0,3,3,0,0,1,0,1.9,1.9,0.7,2.5,16,19,38,0.31,0,0.31,0.31,0.31,0.19,0.07,0.26,0.19,0.26,"Brighton",20000000,20000000
"solly march","eng ENG","FW,DF",29,7,7,554,6.2,3,1,4,3,0,0,1,0,2,2,1,2.9,14,24,44,0.49,0.16,0.65,0.49,0.65,0.32,0.16,0.47,0.32,0.47,"Brighton",15000000,22000000
"jakub moder","pl POL","MF,DF",24,17,6,618,6.9,0,0,0,0,0,0,2,0,0.6,0.6,0.8,1.3,10,23,26,0,0,0,0,0,0.08,0.11,0.2,0.08,0.2,"Brighton",10000000,12000000
"julio enciso","py PAR","MF,FW",19,12,5,475,5.3,0,2,2,0,0,0,2,0,1.4,1.4,1.7,3.2,28,21,29,0,0.38,0.38,0,0.38,0.27,0.32,0.59,0.27,0.59,"Brighton",22000000,22000000
"mark omahony","ie IRL","FW",18,3,1,63,0.7,0,0,0,0,0,0,1,0,0.1,0.1,0,0.1,0,0,0,0,0,0,0,0,0.08,0,0.08,0.08,0.08,"Brighton",300000,300000
"ryan christie","sct SCO","MF",28,37,35,2907,32.3,0,5,5,0,0,0,6,0,2.3,2.3,5.4,7.7,60,167,78,0,0.15,0.15,0,0.15,0.07,0.17,0.24,0.07,0.24,"Bournemouth",12000000,12000000
"lewis cook","eng ENG","MF",26,33,32,2786,31,0,3,3,0,0,0,5,1,0.4,0.4,4.3,4.6,22,142,15,0,0.1,0.1,0,0.1,0.01,0.14,0.15,0.01,0.15,"Bournemouth",12000000,20000000
"marcos senesi","ar ARG","DF",26,31,26,2242,24.9,4,5,9,4,0,0,13,0,2,2,1.7,3.7,31,127,4,0.16,0.2,0.36,0.16,0.36,0.08,0.07,0.15,0.08,0.15,"Bournemouth",22000000,22000000
"justin kluivert","nl NED","MF,FW",24,32,26,1916,21.3,7,1,8,7,0,0,5,0,6.2,6.2,1.9,8.1,65,50,114,0.33,0.05,0.38,0.33,0.38,0.29,0.09,0.38,0.29,0.38,"Bournemouth",14000000,25000000
"adam smith","eng ENG","DF",32,28,25,2150,23.9,0,2,2,0,0,0,6,0,0.1,0.1,1.3,1.4,24,89,28,0,0.08,0.08,0,0.08,0,0.05,0.06,0,0.06,"Bournemouth",1000000,9000000
"marcus tavernier","eng ENG","FW",24,30,25,2118,23.5,3,4,7,3,0,0,3,0,3.9,3.9,5.2,9.1,79,84,171,0.13,0.17,0.3,0.13,0.3,0.17,0.22,0.39,0.17,0.39,"Bournemouth",20000000,20000000
"antoine semenyo","gh GHA","FW",23,33,25,2105,23.4,8,2,10,8,0,0,6,0,4.6,4.6,3.2,7.8,89,64,188,0.34,0.09,0.43,0.34,0.43,0.2,0.14,0.34,0.2,0.34,"Bournemouth",20000000,20000000
"milos kerkez","hu HUN","DF",19,28,22,1970,21.9,0,1,1,0,0,0,4,1,1.2,1.2,0.8,2,46,44,93,0,0.05,0.05,0,0.05,0.06,0.04,0.09,0.06,0.09,"Bournemouth",20000000,20000000
"philip billing","dk DEN","MF",27,29,13,1398,15.5,2,2,4,2,0,0,3,1,2.5,2.5,3.2,5.7,22,53,63,0.13,0.13,0.26,0.13,0.26,0.16,0.21,0.36,0.16,0.36,"Bournemouth",18000000,22000000
"max aarons","eng ENG","DF",23,20,13,1237,13.7,0,1,1,0,0,0,1,0,0,0,0.8,0.9,22,43,26,0,0.07,0.07,0,0.07,0,0.06,0.06,0,0.06,"Bournemouth",16000000,22000000
"dango ouattara","bf BFA","FW,DF",21,30,12,1229,13.7,1,2,3,1,0,0,3,0,2.6,2.6,1.5,4.1,47,35,90,0.07,0.15,0.22,0.07,0.22,0.19,0.11,0.3,0.19,0.3,"Bournemouth",20000000,25000000
"alex scott","eng ENG","MF",19,23,11,1014,11.3,1,1,2,1,0,0,3,0,0.7,0.7,1.7,2.4,24,50,35,0.09,0.09,0.18,0.09,0.18,0.06,0.15,0.22,0.06,0.22,"Bournemouth",20000000,20000000
"luis sinisterra","co COL","FW,MF",24,20,7,699,7.8,2,2,4,2,0,0,0,0,2.5,2.5,2.4,5,51,38,85,0.26,0.26,0.52,0.26,0.52,0.33,0.31,0.64,0.33,0.64,"Bournemouth",17000000,25000000
"chris mepham","wls WAL","DF",25,10,6,617,6.9,0,1,1,0,0,0,2,0,0.1,0.1,0.4,0.5,4,25,1,0,0.15,0.15,0,0.15,0.01,0.06,0.07,0.01,0.07,"Bournemouth",6000000,13000000
"mark travers","ie IRL","GK",24,4,4,360,4,0,0,0,0,0,0,0,0,0,0,0,0,0,0,0,0,0,0,0,0,0,0,0,0,0,"Bournemouth",3500000,3500000
"joe rothwell","eng ENG","MF",28,11,3,386,4.3,0,0,0,0,0,0,0,0,0.1,0.1,0.2,0.3,6,20,3,0,0,0,0,0,0.02,0.06,0.08,0.02,0.08,"Bournemouth",2500000,4000000
"enes unal","tr TUR","FW,MF",26,16,2,328,3.6,2,2,4,2,0,0,1,0,2.9,2.9,1,3.9,4,7,28,0.55,0.55,1.1,0.55,1.1,0.8,0.28,1.07,0.8,1.07,"Bournemouth",15000000,25000000
"david brooks","wls WAL","FW,MF",26,13,2,282,3.1,1,1,2,1,0,0,1,0,2.2,2.2,1,3.2,8,21,27,0.32,0.32,0.64,0.32,0.64,0.7,0.33,1.03,0.7,1.03,"Bournemouth",8000000,30000000
"jaidon anthony","eng ENG","FW",23,3,2,152,1.7,0,0,0,0,0,0,1,0,0.1,0.1,0,0.1,2,8,9,0,0,0,0,0,0.04,0,0.04,0.04,0.04,"Bournemouth",6000000,9000000
"tyler adams","us USA","MF",24,3,1,121,1.3,0,0,0,0,0,0,0,0,0,0,0.1,0.1,4,5,1,0,0,0,0,0,0,0.06,0.06,0,0.06,"Bournemouth",15000000,20000000
"james hill","eng ENG","DF",21,5,1,76,0.8,0,0,0,0,0,0,0,0,0,0,0,0,0,5,1,0,0,0,0,0,0,0,0,0,0,"Bournemouth",2000000,2000000
"kieffer moore","wls WAL","FW,MF",30,8,0,108,1.2,1,0,1,1,0,0,0,0,1.5,1.5,0.2,1.7,2,4,15,0.83,0,0.83,0.83,0.83,1.23,0.2,1.44,1.23,1.44,"Bournemouth",2000000,5000000
"dominic sadi","eng ENG","FW",19,1,0,1,0,0,0,0,0,0,0,0,0,0,0,0,0,0,0,0,0,0,0,0,0,0,0,0,0,0,"Bournemouth",100000,100000
"nelson semedo","pt POR","DF,MF",29,36,36,3084,34.3,0,1,1,0,0,0,10,1,1.3,1.3,1.7,3,103,138,150,0,0.03,0.03,0,0.03,0.04,0.05,0.09,0.04,0.09,"Wolverhampton",12000000,40000000
"jose sa","pt POR","GK",30,35,35,3037,33.7,0,1,1,0,0,0,1,0,0,0,0,0,0,1,0,0,0.03,0.03,0,0.03,0,0,0,0,0,"Wolverhampton",10000000,18000000
"mario lemina","ga GAB","MF",29,35,34,2968,33,4,1,5,4,0,0,12,1,4.6,4.6,1.5,6.2,32,76,49,0.12,0.03,0.15,0.12,0.15,0.14,0.05,0.19,0.14,0.19,"Wolverhampton",10000000,15000000
"joao gomes","br BRA","MF",22,34,32,2649,29.4,2,1,3,2,0,0,11,0,1.7,1.7,1.1,2.8,28,101,44,0.07,0.03,0.1,0.07,0.1,0.06,0.04,0.1,0.06,0.1,"Wolverhampton",40000000,40000000
"matheus cunha","br BRA","FW,MF",24,32,29,2440,27.1,12,7,19,11,1,1,9,0,9.5,8.7,3.2,11.9,107,87,139,0.44,0.26,0.7,0.41,0.66,0.35,0.12,0.47,0.32,0.44,"Wolverhampton",45000000,45000000
"rayan aitnouri","dz ALG","DF,MF",22,33,29,2329,25.9,2,1,3,2,0,0,7,0,3.3,3.3,2.4,5.6,67,99,99,0.08,0.04,0.12,0.08,0.12,0.13,0.09,0.22,0.13,0.22,"Wolverhampton",35000000,35000000
"craig dawson","eng ENG","DF",33,25,25,2209,24.5,1,1,2,1,0,0,7,0,1.5,1.5,1.4,2.9,1,49,4,0.04,0.04,0.08,0.04,0.08,0.06,0.06,0.12,0.06,0.12,"Wolverhampton",2000000,8000000
"pablo sarabia","es ESP","MF,FW",31,30,20,1745,19.4,4,7,11,2,2,2,5,0,5.5,3.9,5.9,9.8,41,109,137,0.21,0.36,0.57,0.1,0.46,0.28,0.3,0.59,0.2,0.5,"Wolverhampton",8000000,40000000
"tommy doyle","eng ENG","MF",21,26,11,1222,13.6,0,0,0,0,0,0,2,0,0.4,0.4,0.4,0.9,21,81,17,0,0,0,0,0,0.03,0.03,0.06,0.03,0.06,"Wolverhampton",10000000,10000000
"jeanricner bellegarde","fr FRA","MF,FW",25,22,10,958,10.6,2,1,3,2,0,0,0,1,1.6,1.6,1,2.5,30,39,49,0.19,0.09,0.28,0.19,0.28,0.15,0.09,0.24,0.15,0.24,"Wolverhampton",18000000,18000000
"matt doherty","ie IRL","DF,MF",31,30,9,1150,12.8,1,0,1,1,0,0,2,0,0.8,0.8,1.3,2.2,12,31,64,0.08,0,0.08,0.08,0.08,0.07,0.1,0.17,0.07,0.17,"Wolverhampton",3000000,20000000
"santiago bueno","uy URU","DF",24,12,9,822,9.1,0,0,0,0,0,0,1,0,0,0,0.1,0.1,3,11,2,0,0,0,0,0,0,0.01,0.01,0,0.01,"Wolverhampton",8000000,8000000
"boubacar traore","ml MLI","MF",21,24,7,819,9.1,0,0,0,0,0,0,4,0,0.3,0.3,0.4,0.7,9,29,15,0,0,0,0,0,0.03,0.04,0.07,0.03,0.07,"Wolverhampton",6000000,6000000
"daniel bentley","eng ENG","GK",30,5,3,383,4.3,0,0,0,0,0,0,0,0,0,0,0,0,0,0,0,0,0,0,0,0,0,0,0,0,0,"Wolverhampton",2000000,4000000
"leon chiwome","eng ENG","FW",17,3,2,174,1.9,0,0,0,0,0,0,0,0,0.1,0.1,0,0.1,1,2,7,0,0,0,0,0,0.05,0,0.05,0.05,0.05,"Wolverhampton",1000000,1000000
"nathan fraser","ie IRL","FW",18,7,1,186,2.1,0,0,0,0,0,0,1,0,0.3,0.3,0.1,0.4,1,2,21,0,0,0,0,0,0.16,0.04,0.19,0.16,0.19,"Wolverhampton",1000000,1000000
"sasa kalajdzic","at AUT","FW",26,11,1,166,1.8,2,0,2,2,0,0,0,0,1.1,1.1,1,2,1,5,9,1.08,0,1.08,1.08,1.08,0.57,0.52,1.09,0.57,1.09,"Wolverhampton",5000000,25000000
"tawanda chirewa","zw ZIM","MF,FW",19,8,1,145,1.6,0,0,0,0,0,0,1,0,0.2,0.2,0,0.2,1,7,8,0,0,0,0,0,0.1,0.02,0.12,0.1,0.12,"Wolverhampton",500000,500000
"enso gonzalez","py PAR","MF,DF",18,1,0,1,0,0,0,0,0,0,0,0,0,0,0,0,0,0,0,2,0,0,0,0,0,0,0,0,0,0,"Wolverhampton",4000000,4000000
"mark flekken","nl NED","GK",30,37,37,3285,36.5,0,1,1,0,0,0,3,0,0,0,0.5,0.5,0,5,0,0,0.03,0.03,0,0.03,0,0.01,0.01,0,0.01,"Brentford",12000000,12000000
"vitaly janelt","de GER","MF,DF",25,38,37,3054,33.9,1,3,4,1,0,0,8,0,1.8,1.8,4.8,6.5,25,123,81,0.03,0.09,0.12,0.03,0.12,0.05,0.14,0.19,0.05,0.19,"Brentford",22000000,22000000
"christian norgaard","dk DEN","MF",29,31,30,2505,27.8,2,1,3,2,0,0,8,0,3.5,3.5,1.9,5.4,15,161,42,0.07,0.04,0.11,0.07,0.11,0.12,0.07,0.19,0.12,0.19,"Brentford",18000000,20000000
"nathan collins","ie IRL","DF",22,32,29,2652,29.5,1,1,2,1,0,0,3,0,1.7,1.7,2.2,3.9,11,97,18,0.03,0.03,0.07,0.03,0.07,0.06,0.07,0.13,0.06,0.13,"Brentford",25000000,25000000
"yoane wissa","cd COD","FW",26,34,29,2493,27.7,12,3,15,12,0,0,7,0,10.6,10.6,3.9,14.5,45,48,150,0.43,0.11,0.54,0.43,0.54,0.38,0.14,0.52,0.38,0.52,"Brentford",28000000,28000000
"ethan pinnock","jm JAM","DF",30,29,28,2521,28,2,0,2,2,0,0,1,0,2,2,1,3,11,61,16,0.07,0,0.07,0.07,0.07,0.07,0.04,0.11,0.07,0.11,"Brentford",10000000,15000000
"mathias jensen","dk DEN","MF",27,32,27,2204,24.5,3,3,6,3,0,0,5,0,0.7,0.7,4,4.7,19,123,66,0.12,0.12,0.25,0.12,0.25,0.03,0.16,0.19,0.03,0.19,"Brentford",28000000,30000000
"mads roerslev","dk DEN","DF",24,34,22,1985,22.1,1,2,3,1,0,0,1,0,0.9,0.9,1.8,2.7,18,43,90,0.05,0.09,0.14,0.05,0.14,0.04,0.08,0.12,0.04,0.12,"Brentford",10000000,10000000
"bryan mbeumo","cm CMR","FW",23,25,22,1960,21.8,9,6,15,6,3,3,2,0,9.8,7.4,4.6,12.1,74,88,195,0.41,0.28,0.69,0.28,0.55,0.45,0.21,0.66,0.34,0.55,"Brentford",40000000,40000000
"kristoffer ajer","no NOR","DF",25,28,21,1832,20.4,2,1,3,2,0,0,5,0,1.3,1.3,2.3,3.6,22,61,31,0.1,0.05,0.15,0.1,0.15,0.06,0.11,0.18,0.06,0.18,"Brentford",15000000,18000000
"ivan toney","eng ENG","FW",27,17,16,1450,16.1,4,2,6,4,0,0,5,0,6,6,1.5,7.4,23,40,98,0.25,0.12,0.37,0.25,0.37,0.37,0.09,0.46,0.37,0.46,"Brentford",50000000,50000000
"keane lewispotter","eng ENG","FW,DF",22,30,15,1441,16,3,1,4,3,0,0,0,0,6.3,6.3,1.7,8,56,32,135,0.19,0.06,0.25,0.19,0.25,0.39,0.11,0.5,0.39,0.5,"Brentford",18000000,18000000
"ben mee","eng ENG","DF",33,16,15,1272,14.1,2,0,2,2,0,0,1,1,1.5,1.5,0.3,1.8,11,49,9,0.14,0,0.14,0.14,0.14,0.1,0.02,0.13,0.1,0.13,"Brentford",1000000,10000000
"aaron hickey","sct SCO","DF",21,9,9,713,7.9,0,0,0,0,0,0,5,0,0.2,0.2,0.1,0.3,9,21,13,0,0,0,0,0,0.03,0.01,0.04,0.03,0.04,"Brentford",25000000,30000000
"mikkel damsgaard","dk DEN","MF",23,23,7,842,9.4,0,2,2,0,0,0,2,0,0.9,0.9,1.4,2.4,16,61,32,0,0.21,0.21,0,0.21,0.1,0.16,0.25,0.1,0.25,"Brentford",10000000,20000000
"saman ghoddos","ir IRN","DF",29,19,7,739,8.2,1,0,1,1,0,0,5,0,0.3,0.3,1.1,1.4,22,36,31,0.12,0,0.12,0.12,0.12,0.04,0.13,0.17,0.04,0.17,"Brentford",2000000,5000000
"rico henry","eng ENG","DF",26,5,5,401,4.5,0,1,1,0,0,0,1,0,0.1,0.1,1,1.1,13,20,12,0,0.22,0.22,0,0.22,0.02,0.22,0.24,0.02,0.24,"Brentford",20000000,28000000
"kevin schade","de GER","FW,MF",21,11,3,333,3.7,2,1,3,2,0,0,0,0,1.2,1.2,0.7,1.9,8,9,23,0.54,0.27,0.81,0.54,0.81,0.32,0.19,0.52,0.32,0.52,"Brentford",22000000,25000000
"shandon baptiste","gd GRN","MF",25,10,2,229,2.5,1,1,2,1,0,0,1,0,0.9,0.9,0.2,1.1,3,5,1,0.39,0.39,0.79,0.39,0.79,0.35,0.08,0.43,0.35,0.43,"Brentford",2500000,3000000
"michael olakigbe","eng ENG","DF,FW",19,8,0,59,0.7,0,0,0,0,0,0,0,0,0.1,0.1,0,0.1,10,4,17,0,0,0,0,0,0.18,0,0.18,0.18,0.18,"Brentford",600000,600000
"josh dasilva","eng ENG","DF,FW",24,3,0,24,0.3,0,0,0,0,0,0,0,0,0,0,0.2,0.2,2,2,5,0,0,0,0,0,0,0.72,0.72,0,0.72,"Brentford",10000000,16000000
"myles peartharris","eng ENG","DF,MF",20,3,0,13,0.1,0,0,0,0,0,0,0,0,0,0,0,0,2,1,1,0,0,0,0,0,0,0.12,0.12,0,0.12,"Brentford",700000,1000000
"morgan gibbswhite","eng ENG","MF,FW",23,37,35,3156,35.1,5,10,15,4,1,1,9,0,6.9,6.1,8.4,14.6,80,170,181,0.14,0.29,0.43,0.11,0.4,0.2,0.24,0.44,0.17,0.42,"Nottingham Forest",40000000,40000000
"murillo","br BRA","DF",21,32,32,2789,31,0,2,2,0,0,0,5,0,1.8,1.8,1.2,3,22,89,7,0,0.06,0.06,0,0.06,0.06,0.04,0.1,0.06,0.1,"Nottingham Forest",40000000,40000000
"anthony elanga","se SWE","FW,MF",21,36,25,2433,27,5,9,14,5,0,0,1,0,6.6,6.6,6.7,13.3,98,49,196,0.18,0.33,0.52,0.18,0.52,0.24,0.25,0.49,0.24,0.49,"Nottingham Forest",25000000,25000000
"ryan yates","eng ENG","MF",25,35,21,1992,22.1,1,1,2,1,0,0,6,0,2.6,2.6,0.8,3.5,18,73,37,0.05,0.05,0.09,0.05,0.09,0.12,0.04,0.16,0.12,0.16,"Nottingham Forest",12000000,12000000
"callum hudsonodoi","eng ENG","FW,MF",22,29,20,1854,20.6,8,1,9,8,0,0,0,0,2.7,2.7,2.8,5.5,111,58,171,0.39,0.05,0.44,0.39,0.44,0.13,0.14,0.27,0.13,0.27,"Nottingham Forest",22000000,35000000
"chris wood","nz NZL","FW",31,31,20,1812,20.1,14,1,15,14,0,0,0,0,11.9,11.9,2.1,14,16,30,76,0.7,0.05,0.75,0.7,0.75,0.59,0.1,0.7,0.59,0.7,"Nottingham Forest",7000000,18000000
"danilo","br BRA","MF",22,29,20,1792,19.9,2,2,4,2,0,0,4,0,1.8,1.8,1.5,3.4,22,83,28,0.1,0.1,0.2,0.1,0.2,0.09,0.08,0.17,0.09,0.17,"Nottingham Forest",28000000,28000000
"ola aina","ng NGA","DF",26,22,20,1692,18.8,1,1,2,1,0,0,3,0,0.3,0.3,0.9,1.2,53,68,38,0.05,0.05,0.11,0.05,0.11,0.01,0.05,0.06,0.01,0.06,"Nottingham Forest",12000000,12000000
"nicolas dominguez","ar ARG","MF,FW",25,26,19,1495,16.6,2,2,4,2,0,0,4,0,1.3,1.3,1,2.3,14,91,43,0.12,0.12,0.24,0.12,0.24,0.08,0.06,0.14,0.08,0.14,"Nottingham Forest",17000000,17500000
"neco williams","wls WAL","DF",22,26,18,1637,18.2,0,1,1,0,0,0,4,0,0.8,0.8,1.6,2.5,48,47,86,0,0.05,0.05,0,0.05,0.04,0.09,0.13,0.04,0.13,"Nottingham Forest",17000000,20000000
"willy boly","ci CIV","DF",32,20,18,1438,16,2,1,3,2,0,0,3,1,1.5,1.5,1.3,2.8,4,32,3,0.13,0.06,0.19,0.13,0.19,0.09,0.08,0.18,0.09,0.18,"Nottingham Forest",2500000,18000000
"matz sels","be BEL","GK",31,16,16,1440,16,0,0,0,0,0,0,1,0,0,0,0.1,0.1,0,0,0,0,0,0,0,0,0,0,0,0,0,"Nottingham Forest",7000000,8000000
"harry toffolo","eng ENG","DF",27,23,15,1459,16.2,1,3,4,1,0,0,3,0,1.6,1.6,1.5,3.2,10,42,34,0.06,0.19,0.25,0.06,0.25,0.1,0.1,0.2,0.1,0.2,"Nottingham Forest",5000000,5000000
"ibrahim sangare","ci CIV","MF",25,17,13,1035,11.5,0,0,0,0,0,0,6,0,0.6,0.6,0.4,1,5,44,7,0,0,0,0,0,0.06,0.03,0.09,0.06,0.09,"Nottingham Forest",30000000,35000000
"taiwo awoniyi","ng NGA","FW",25,20,12,1042,11.6,6,3,9,6,0,0,2,0,4.7,4.7,1.7,6.4,8,14,45,0.52,0.26,0.78,0.52,0.78,0.41,0.15,0.56,0.41,0.56,"Nottingham Forest",28000000,30000000
"serge aurier","ci CIV","DF,MF",30,12,10,833,9.3,0,2,2,0,0,0,2,0,0.2,0.2,0.5,0.6,10,47,29,0,0.22,0.22,0,0.22,0.02,0.05,0.07,0.02,0.07,"Nottingham Forest",3700000,20000000
"andrew omobamidele","ie IRL","DF",21,11,8,783,8.7,0,0,0,0,0,0,2,0,0.1,0.1,0.1,0.2,1,8,0,0,0,0,0,0,0.02,0.01,0.03,0.02,0.03,"Nottingham Forest",11000000,11000000
"divock origi","be BEL","FW",28,20,6,606,6.7,0,1,1,0,0,0,1,0,1.4,1.4,2.1,3.5,19,14,41,0,0.15,0.15,0,0.15,0.21,0.31,0.51,0.21,0.51,"Nottingham Forest",5000000,20000000
"joe worrall","eng ENG","DF",26,7,5,439,4.9,0,0,0,0,0,0,0,1,0.1,0.1,0.2,0.3,0,8,1,0,0,0,0,0,0.02,0.04,0.06,0.02,0.06,"Nottingham Forest",7500000,12000000
"felipe","br BRA","DF",34,7,4,375,4.2,0,0,0,0,0,0,4,0,0.1,0.1,0.1,0.2,1,6,0,0,0,0,0,0,0.03,0.01,0.04,0.03,0.04,"Nottingham Forest",1500000,32000000
"cheikhou kouyate","sn SEN","MF",33,12,2,212,2.4,0,0,0,0,0,0,2,0,0.3,0.3,0,0.3,0,5,5,0,0,0,0,0,0.12,0.02,0.14,0.12,0.14,"Nottingham Forest",1000000,12000000
"thomas kaminski","be BEL","GK",30,38,38,3405,37.8,0,0,0,0,0,0,3,0,0,0,0,0,0,1,0,0,0,0,0,0,0,0,0,0,0,"Luton Town",3000000,3000000
"alfie doughty","eng ENG","DF",23,37,34,2925,32.5,2,8,10,2,0,0,5,0,1.3,1.3,6.3,7.6,94,106,164,0.06,0.25,0.31,0.06,0.31,0.04,0.19,0.23,0.04,0.23,"Luton Town",10000000,10000000
"carlton morris","eng ENG","FW,MF",27,38,32,2862,31.8,11,4,15,6,5,5,4,0,11.4,7.5,2.8,10.2,37,56,120,0.35,0.13,0.47,0.19,0.31,0.36,0.09,0.45,0.23,0.32,"Luton Town",13000000,13000000
"teden mengi","eng ENG","DF",21,30,28,2469,27.4,1,0,1,1,0,0,3,0,0.6,0.6,0.3,0.9,15,54,1,0.04,0,0.04,0.04,0.04,0.02,0.01,0.03,0.02,0.03,"Luton Town",12000000,12000000
"amarii bell","jm JAM","DF",29,21,21,1720,19.1,0,0,0,0,0,0,0,0,0.3,0.3,0.5,0.7,32,76,10,0,0,0,0,0,0.01,0.02,0.04,0.01,0.04,"Luton Town",2500000,2500000
"tahith chong","nl NED","MF,FW",23,33,20,1982,22,4,0,4,4,0,0,4,0,2.7,2.7,0.5,3.2,57,72,101,0.18,0,0.18,0.18,0.18,0.12,0.02,0.15,0.12,0.15,"Luton Town",6000000,7000000
"reece burke","eng ENG","DF",26,22,20,1660,18.4,0,4,4,0,0,0,5,0,1.3,1.3,1.4,2.7,11,67,14,0,0.22,0.22,0,0.22,0.07,0.07,0.15,0.07,0.15,"Luton Town",1800000,3000000
"elijah adebayo","eng ENG","FW",25,27,16,1419,15.8,10,0,10,10,0,0,1,0,5.9,5.9,0.7,6.6,16,23,110,0.63,0,0.63,0.63,0.63,0.37,0.04,0.42,0.37,0.42,"Luton Town",12000000,12000000
"jordan clark","eng ENG","MF",29,23,14,1304,14.5,1,1,2,1,0,0,4,0,1,1,1.3,2.2,21,51,39,0.07,0.07,0.14,0.07,0.14,0.07,0.09,0.16,0.07,0.16,"Luton Town",1000000,1000000
"tom lockyer","wls WAL","DF",28,14,14,1169,13,1,1,2,1,0,0,4,0,1.1,1.1,0.6,1.7,6,37,2,0.08,0.08,0.15,0.08,0.15,0.08,0.05,0.13,0.08,0.13,"Luton Town",2500000,3500000
"marvelous nakamba","zw ZIM","MF",29,13,13,1130,12.6,0,0,0,0,0,0,5,0,0.2,0.2,0.4,0.6,1,36,5,0,0,0,0,0,0.01,0.03,0.05,0.01,0.05,"Luton Town",5000000,10000000
"jacob brown","sct SCO","MF,FW",25,19,12,1019,11.3,2,0,2,2,0,0,4,0,2.8,2.8,0.7,3.4,25,19,53,0.18,0,0.18,0.18,0.18,0.25,0.06,0.3,0.25,0.3,"Luton Town",4000000,6000000
"pelly ruddock mpanzu","cd COD","MF",30,27,11,1101,12.2,0,0,0,0,0,0,1,0,0.6,0.6,0.4,1.1,10,34,15,0,0,0,0,0,0.05,0.04,0.09,0.05,0.09,"Luton Town",1500000,1800000
"daiki hashioka","jp JPN","DF",24,10,6,595,6.6,0,0,0,0,0,0,0,0,0.1,0.1,0.7,0.8,3,21,16,0,0,0,0,0,0.02,0.1,0.12,0.02,0.12,"Luton Town",2000000,2000000
"fred onyedinma","eng ENG","DF,MF",26,8,4,407,4.5,0,0,0,0,0,0,1,0,0.2,0.2,0.1,0.3,9,6,21,0,0,0,0,0,0.04,0.02,0.06,0.04,0.06,"Luton Town",500000,800000
"cauley woodrow","eng ENG","FW,MF",28,24,2,427,4.7,1,1,2,1,0,0,2,0,1.4,1.4,1.2,2.6,7,6,22,0.21,0.21,0.42,0.21,0.42,0.3,0.25,0.55,0.3,0.55,"Luton Town",1000000,3500000
"luke berry","eng ENG","MF,DF",31,17,2,323,3.6,2,1,3,2,0,0,1,0,1,1,0.3,1.3,1,8,7,0.56,0.28,0.84,0.56,0.84,0.28,0.07,0.35,0.28,0.35,"Luton Town",400000,800000
"james shea","eng ENG","GK",32,1,0,15,0.2,0,0,0,0,0,0,0,0,0,0,0,0,0,0,0,0,0,0,0,0,0,0,0,0,0,"Luton Town",200000,300000
"zack nelson","eng ENG","MF,DF",18,2,0,7,0.1,0,0,0,0,0,0,0,0,0,0,0,0,0,0,0,0,0,0,0,0,0,0,0,0,0,"Luton Town",100000,100000
"james trafford","eng ENG","GK",20,28,28,2520,28,0,0,0,0,0,0,2,0,0,0,0,0,0,6,0,0,0,0,0,0,0,0,0,0,0,"Burnley",18000000,18000000
"vitinho","br BRA","DF,MF",24,32,26,2314,25.7,0,2,2,0,0,0,1,0,1.6,1.6,1.3,2.9,59,66,110,0,0.08,0.08,0,0.08,0.06,0.05,0.11,0.06,0.11,"Burnley",5000000,5000000
"josh brownhill","eng ENG","MF",27,33,23,2252,25,4,2,6,4,0,0,4,1,1.9,1.9,2.1,4,19,90,36,0.16,0.08,0.24,0.16,0.24,0.08,0.08,0.16,0.08,0.16,"Burnley",15000000,18000000
"josh cullen","ie IRL","MF",27,25,23,2057,22.9,2,3,5,2,0,0,9,0,0.6,0.6,1.8,2.4,22,123,22,0.09,0.13,0.22,0.09,0.22,0.03,0.08,0.11,0.03,0.11,"Burnley",10000000,13000000
"lyle foster","za RSA","FW,MF",22,24,22,1899,21.1,5,3,8,5,0,0,0,1,4.5,4.5,1.9,6.4,55,37,104,0.24,0.14,0.38,0.24,0.38,0.21,0.09,0.3,0.21,0.3,"Burnley",13000000,13000000
"maxime esteve","fr FRA","DF",21,16,15,1309,14.5,0,0,0,0,0,0,6,0,0.3,0.3,0,0.3,15,40,3,0,0,0,0,0,0.02,0,0.02,0.02,0.02,"Burnley",7000000,7000000
"jordan beyer","de GER","DF",23,15,15,1234,13.7,0,1,1,0,0,0,6,0,0.5,0.5,0.3,0.8,9,25,1,0,0.07,0.07,0,0.07,0.04,0.02,0.06,0.04,0.06,"Burnley",13000000,16000000
"luca koleosho","it ITA","MF,FW",18,15,13,974,10.8,1,1,2,1,0,0,0,0,2,2,1.3,3.3,53,19,82,0.09,0.09,0.18,0.09,0.18,0.18,0.12,0.3,0.18,0.3,"Burnley",7000000,7000000
"johann berg gudmundsson","is ISL","MF,FW",32,26,12,1192,13.2,1,3,4,1,0,0,2,0,1.9,1.9,2.7,4.5,13,59,69,0.08,0.23,0.3,0.08,0.3,0.14,0.2,0.34,0.14,0.34,"Burnley",1000000,10000000
"connor roberts","wls WAL","DF",27,14,8,823,9.1,0,1,1,0,0,0,5,1,0,0,0.2,0.2,6,38,13,0,0.11,0.11,0,0.11,0,0.02,0.02,0,0.02,"Burnley",7000000,8000000
"jay rodriguez","eng ENG","FW",34,21,7,822,9.1,2,1,3,1,1,1,0,0,3.5,2.7,0.2,2.9,2,17,28,0.22,0.11,0.33,0.11,0.22,0.38,0.02,0.4,0.3,0.32,"Burnley",1000000,13000000
"hannes delcroix","be BEL","DF",24,12,5,589,6.5,0,0,0,0,0,0,2,0,0.4,0.4,0.2,0.6,2,18,6,0,0,0,0,0,0.05,0.03,0.09,0.05,0.09,"Burnley",4000000,4000000
"aaron ramsey","eng ENG","MF,FW",20,14,5,527,5.9,0,0,0,0,0,0,1,0,0.3,0.3,0.4,0.7,8,8,17,0,0,0,0,0,0.06,0.07,0.13,0.06,0.13,"Burnley",15000000,15000000
"hjalmar ekdal","se SWE","DF",24,8,5,437,4.9,0,0,0,0,0,0,2,0,0.1,0.1,0.1,0.1,5,11,1,0,0,0,0,0,0.01,0.01,0.03,0.01,0.03,"Burnley",7000000,8000000
"mike tresor","be BEL","FW,MF",24,16,3,420,4.7,0,0,0,0,0,0,0,0,0.5,0.5,0.4,0.9,15,10,31,0,0,0,0,0,0.1,0.08,0.18,0.1,0.18,"Burnley",12000000,15000000
"benson manuel","ao ANG","MF,FW",26,8,1,116,1.3,0,0,0,0,0,0,0,0,0.1,0.1,0,0.1,5,2,14,0,0,0,0,0,0.05,0.03,0.08,0.05,0.08,"Burnley",5000000,7000000
"nathan redmond","eng ENG","FW,MF",29,12,0,142,1.6,0,0,0,0,0,0,1,0,0,0,0.3,0.3,7,8,22,0,0,0,0,0,0,0.19,0.19,0,0.19,"Burnley",5000000,20000000
"jack cork","eng ENG","MF",34,4,0,27,0.3,0,0,0,0,0,0,0,0,0,0,0,0,4,4,1,0,0,0,0,0,0,0,0,0,0,"Burnley",800000,15000000
"michael obafemi","ie IRL","FW,MF",23,2,0,20,0.2,0,0,0,0,0,0,0,0,0.1,0.1,0,0.1,0,0,3,0,0,0,0,0,0.4,0,0.4,0.4,0.4,"Burnley",2200000,5000000
"hannoah massengo","fr FRA","MF,DF",22,3,0,16,0.2,0,0,0,0,0,0,0,0,0,0,0,0,2,0,0,0,0,0,0,0,0,0,0,0,0,"Burnley",4000000,8000000
"gustavo hamer","nl NED","MF",26,36,34,2910,32.3,4,6,10,4,0,0,9,0,3,3,6.1,9.1,36,135,86,0.12,0.19,0.31,0.12,0.31,0.09,0.19,0.28,0.09,0.28,"Sheffield United",15000000,16000000
"jayden bogle","eng ENG","DF",23,34,32,2788,31,3,0,3,3,0,0,9,0,2.3,2.3,1,3.3,38,60,92,0.1,0,0.1,0.1,0.1,0.07,0.03,0.11,0.07,0.11,"Sheffield United",3800000,7000000
"jack robinson","eng ENG","DF",29,34,31,2885,32.1,1,1,2,1,0,0,10,0,1.2,1.2,1.2,2.4,8,63,14,0.03,0.03,0.06,0.03,0.06,0.04,0.04,0.08,0.04,0.08,"Sheffield United",1000000,2500000
"anel ahmedhodzic","ba BIH","DF",24,31,29,2649,29.4,2,0,2,2,0,0,11,1,3.1,3.1,0.8,4,15,43,21,0.07,0,0.07,0.07,0.07,0.11,0.03,0.14,0.11,0.14,"Sheffield United",18000000,20000000
"oliver norwood","nir NIR","MF",32,27,16,1440,16,1,0,1,0,1,1,8,0,1.1,0.3,0.6,0.9,3,73,10,0.06,0,0.06,0,0,0.07,0.04,0.11,0.02,0.06,"Sheffield United",1000000,9000000
"ben osborn","eng ENG","DF,MF",28,24,14,1367,15.2,0,2,2,0,0,0,3,0,0.2,0.2,0.9,1.1,16,55,44,0,0.13,0.13,0,0.13,0.01,0.06,0.07,0.01,0.07,"Sheffield United",1000000,3000000
"andre brooks","eng ENG","MF,DF",19,20,12,938,10.4,0,0,0,0,0,0,1,0,0.4,0.4,0.1,0.5,12,18,22,0,0,0,0,0,0.04,0.01,0.05,0.04,0.05,"Sheffield United",2500000,2500000
"george baldock","gr GRE","DF",30,13,11,969,10.8,0,1,1,0,0,0,4,0,0,0,0.8,0.8,9,31,24,0,0.09,0.09,0,0.09,0,0.07,0.08,0,0.08,"Sheffield United",2500000,6500000
"oliver arblaster","eng ENG","MF",19,12,11,943,10.5,0,0,0,0,0,0,2,0,0,0,0.7,0.8,13,43,4,0,0,0,0,0,0,0.07,0.07,0,0.07,"Sheffield United",450000,450000
"mason holgate","eng ENG","DF",26,10,9,710,7.9,0,0,0,0,0,0,3,1,0.6,0.6,0.4,1.1,0,13,0,0,0,0,0,0,0.08,0.05,0.13,0.08,0.13,"Sheffield United",5000000,20000000
"yasser larouci","dz ALG","DF",22,11,6,531,5.9,0,0,0,0,0,0,1,0,0.2,0.2,0.3,0.5,18,14,12,0,0,0,0,0,0.04,0.05,0.09,0.04,0.09,"Sheffield United",3000000,3500000
"john egan","ie IRL","DF",30,6,6,482,5.4,0,0,0,0,0,0,2,0,0.2,0.2,0,0.2,0,5,1,0,0,0,0,0,0.03,0,0.03,0.03,0.03,"Sheffield United",4000000,13000000
"max lowe","eng ENG","DF,MF",26,10,4,503,5.6,0,0,0,0,0,0,1,0,0.6,0.6,0.7,1.3,5,12,11,0,0,0,0,0,0.1,0.13,0.23,0.1,0.23,"Sheffield United",2500000,3500000
"rhian brewster","eng ENG","FW,MF",23,13,3,346,3.8,0,0,0,0,0,0,0,1,0.4,0.4,0.1,0.5,1,3,21,0,0,0,0,0,0.09,0.03,0.12,0.09,0.12,"Sheffield United",3000000,15000000
"chris basham","eng ENG","DF,MF",35,8,3,321,3.6,0,0,0,0,0,0,1,0,0.1,0.1,0.3,0.4,1,7,6,0,0,0,0,0,0.04,0.07,0.1,0.04,0.1,"Sheffield United",300000,3000000
"tom davies","eng ENG","MF",25,9,2,221,2.5,0,0,0,0,0,0,2,0,0.4,0.4,0.1,0.4,3,8,3,0,0,0,0,0,0.14,0.03,0.17,0.14,0.17,"Sheffield United",5000000,18000000
"rhys norringtondavies","wls WAL","DF",24,5,2,110,1.2,0,0,0,0,0,0,1,0,0,0,0,0,3,2,6,0,0,0,0,0,0,0.01,0.01,0,0.01,"Sheffield United",2500000,3000000
"john fleck","sct SCO","MF,DF",31,4,1,92,1,0,0,0,0,0,0,1,0,0,0,0.4,0.4,2,3,0,0,0,0,0,0,0,0.44,0.44,0,0.44,"Sheffield United",900000,8000000
"sam curtis","ie IRL","DF",17,1,0,28,0.3,0,0,0,0,0,0,0,0,0,0,0,0,0,1,1,0,0,0,0,0,0,0,0,0,0,"Sheffield United",150000,150000
"daniel jebbison","eng ENG","FW",19,1,0,21,0.2,0,0,0,0,0,0,0,0,0,0,0,0,0,0,1,0,0,0,0,0,0,0,0,0,0,"Sheffield United",1000000,1000000
"antwoine hackford","eng ENG","FW",19,2,0,13,0.1,0,0,0,0,0,0,0,0,0,0,0,0,0,0,0,0,0,0,0,0,0,0,0,0,0,"Sheffield United",500000,500000
"sydie peck","eng ENG","MF",18,1,0,10,0.1,0,0,0,0,0,0,0,0,0,0,0,0,0,0,0,0,0,0,0,0,0,0,0,0,0,"Sheffield United",200000,200000
"ryan one","sct SCO","FW",17,1,0,8,0.1,0,0,0,0,0,0,0,0,0,0,0,0,1,0,0,0,0,0,0,0,0,0,0,0,0,"Sheffield United",200000,200000
